Workbook

Sheet ReadMe
A1: About this Document | K1: Metadata
B2: This is Turkus's summary of the 2023 Missouri Valley HIPS fields | L2: Fields were planted on land of Dean Mackintosh
B4: This is based on Information sent to him by Lisa Coffey | L4: Fields were cared for by the Iowa CROPS organization (company?)
L6: Harvest performed on 9/16/23)
A9: Original Index
B10: Copy/paste of the document:
C11: YTMC.LC.xlsx
A13: Original Maps
B14: Screenshots of the following documents:
C15: Map.MOValley.10ft.pdf
C16: Map.MOValley.20ft mark up.pdf
C17: MO Valley IA HIPS 2023.pdf

Sheet Original Index
A1: Index | B1: PedId | C1: ISU RecId | D1: Type | E1: Tier# | F1: Serp | G1: Rep | H1: Location | I1: Exp | J1: Ent# | K1: Entry | L1: Pass | M1: Range | N1: Plot | O1: Plot Row | Q1: Legend
A2: =IF(OR(I2="LC2125",I2="LC2125_ER"),"Hybrid HIPS",IF(I2="LC2120","Inbred HIPS","ERROR"))&"_"&O2&"_"&M2 -> Inbred HIPS_11_3 | B2: 1715465 | C2: 1723020 | D2: 2-row | E2: 1 | F2: 35 | G2: 1 | H2: ISU.IA.MOValley | I2: LC2120 | J2: 9 | K2: 3IIH6 | L2: 11 | M2: 3 | N2: 110 | O2: =IF(OR(I2="LC2125",I2="LC2125_ER"),(L2+3)/4,IF(I2="LC2120",L2,"ERROR")) -> 11 | R2: Exp | S2: Population it Refers To
A3: =IF(OR(I3="LC2125",I3="LC2125_ER"),"Hybrid HIPS",IF(I3="LC2120","Inbred HIPS","ERROR"))&"_"&O3&"_"&M3 -> Inbred HIPS_10_3 | B3: 1715610 | C3: 1723065 | D3: 2-row | E3: 1 | F3: 34 | G3: 1 | H3: ISU.IA.MOValley | I3: LC2120 | J3: 54 | K3: B64 | L3: 10 | M3: 3 | N3: 109 | O3: =IF(OR(I3="LC2125",I3="LC2125_ER"),(L3+3)/4,IF(I3="LC2120",L3,"ERROR")) -> 10 | R3: LC2120 | S3: Inbred HIPS
A4: =IF(OR(I4="LC2125",I4="LC2125_ER"),"Hybrid HIPS",IF(I4="LC2120","Inbred HIPS","ERROR"))&"_"&O4&"_"&M4 -> Inbred HIPS_9_3 | B4: 1715887 | C4: 1729242 | D4: 2-row | E4: 1 | F4: 33 | G4: 1 | H4: ISU.IA.MOValley | I4: LC2120 | J4: 231 | K4: Il677a | L4: 9 | M4: 3 | N4: 108 | O4: =IF(OR(I4="LC2125",I4="LC2125_ER"),(L4+3)/4,IF(I4="LC2120",L4,"ERROR")) -> 9 | R4: LC2125 | S4: Hybrid HIPS
A5: =IF(OR(I5="LC2125",I5="LC2125_ER"),"Hybrid HIPS",IF(I5="LC2120","Inbred HIPS","ERROR"))&"_"&O5&"_"&M5 -> Inbred HIPS_8_3 | B5: 1716045 | C5: 1729300 | D5: 2-row | E5: 1 | F5: 32 | G5: 1 | H5: ISU.IA.MOValley | I5: LC2120 | J5: 289 | K5: Ia5125 | L5: 8 | M5: 3 | N5: 107 | O5: =IF(OR(I5="LC2125",I5="LC2125_ER"),(L5+3)/4,IF(I5="LC2120",L5,"ERROR")) -> 8 | R5: LC2125_ER | S5: Hybrid HIPS (plots they couldn't squeeze into the same spot)
A6: =IF(OR(I6="LC2125",I6="LC2125_ER"),"Hybrid HIPS",IF(I6="LC2120","Inbred HIPS","ERROR"))&"_"&O6&"_"&M6 -> Inbred HIPS_7_3 | B6: 1716015 | C6: 1729270 | D6: 2-row | E6: 1 | F6: 31 | G6: 1 | H6: ISU.IA.MOValley | I6: LC2120 | J6: 259 | K6: CML38 | L6: 7 | M6: 3 | N6: 106 | O6: =IF(OR(I6="LC2125",I6="LC2125_ER"),(L6+3)/4,IF(I6="LC2120",L6,"ERROR")) -> 7
A7: =IF(OR(I7="LC2125",I7="LC2125_ER"),"Hybrid HIPS",IF(I7="LC2120","Inbred HIPS","ERROR"))&"_"&O7&"_"&M7 -> Inbred HIPS_6_3 | B7: 1716215 | C7: 1729367 | D7: 2-row | E7: 1 | F7: 30 | G7: 1 | H7: ISU.IA.MOValley | I7: LC2120 | J7: 356 | K7: B73 | L7: 6 | M7: 3 | N7: 105 | O7: =IF(OR(I7="LC2125",I7="LC2125_ER"),(L7+3)/4,IF(I7="LC2120",L7,"ERROR")) -> 6
A8: =IF(OR(I8="LC2125",I8="LC2125_ER"),"Hybrid HIPS",IF(I8="LC2120","Inbred HIPS","ERROR"))&"_"&O8&"_"&M8 -> Inbred HIPS_5_3 | B8: 1715621 | C8: 1723076 | D8: 2-row | E8: 1 | F8: 29 | G8: 1 | H8: ISU.IA.MOValley | I8: LC2120 | J8: 65 | K8: ML606 | L8: 5 | M8: 3 | N8: 104 | O8: =IF(OR(I8="LC2125",I8="LC2125_ER"),(L8+3)/4,IF(I8="LC2120",L8,"ERROR")) -> 5
A9: =IF(OR(I9="LC2125",I9="LC2125_ER"),"Hybrid HIPS",IF(I9="LC2120","Inbred HIPS","ERROR"))&"_"&O9&"_"&M9 -> Inbred HIPS_4_3 | B9: 1715813 | C9: 1729168 | D9: 2-row | E9: 1 | F9: 28 | G9: 1 | H9: ISU.IA.MOValley | I9: LC2120 | J9: 157 | K9: LH183 | L9: 4 | M9: 3 | N9: 103 | O9: =IF(OR(I9="LC2125",I9="LC2125_ER"),(L9+3)/4,IF(I9="LC2120",L9,"ERROR")) -> 4
A10: =IF(OR(I10="LC2125",I10="LC2125_ER"),"Hybrid HIPS",IF(I10="LC2120","Inbred HIPS","ERROR"))&"_"&O10&"_"&M10 -> Inbred HIPS_3_3 | B10: 1715678 | C10: 1729133 | D10: 2-row | E10: 1 | F10: 27 | G10: 1 | H10: ISU.IA.MOValley | I10: LC2120 | J10: 122 | K10: NC260 | L10: 3 | M10: 3 | N10: 102 | O10: =IF(OR(I10="LC2125",I10="LC2125_ER"),(L10+3)/4,IF(I10="LC2120",L10,"ERROR")) -> 3
A11: =IF(OR(I11="LC2125",I11="LC2125_ER"),"Hybrid HIPS",IF(I11="LC2120","Inbred HIPS","ERROR"))&"_"&O11&"_"&M11 -> Inbred HIPS_2_3 | B11: 1716014 | C11: 1729269 | D11: 2-row | E11: 1 | F11: 26 | G11: 1 | H11: ISU.IA.MOValley | I11: LC2120 | J11: 258 | K11: B104 | L11: 2 | M11: 3 | N11: 101 | O11: =IF(OR(I11="LC2125",I11="LC2125_ER"),(L11+3)/4,IF(I11="LC2120",L11,"ERROR")) -> 2
A12: =IF(OR(I12="LC2125",I12="LC2125_ER"),"Hybrid HIPS",IF(I12="LC2120","Inbred HIPS","ERROR"))&"_"&O12&"_"&M12 -> Inbred HIPS_2_4 | B12: 1715470 | C12: 1723025 | D12: 2-row | E12: 1 | F12: 47 | G12: 1 | H12: ISU.IA.MOValley | I12: LC2120 | J12: 14 | K12: A634 | L12: 2 | M12: 4 | N12: 120 | O12: =IF(OR(I12="LC2125",I12="LC2125_ER"),(L12+3)/4,IF(I12="LC2120",L12,"ERROR")) -> 2
A13: =IF(OR(I13="LC2125",I13="LC2125_ER"),"Hybrid HIPS",IF(I13="LC2120","Inbred HIPS","ERROR"))&"_"&O13&"_"&M13 -> Inbred HIPS_3_4 | B13: 1715871 | C13: 1729226 | D13: 2-row | E13: 1 | F13: 46 | G13: 1 | H13: ISU.IA.MOValley | I13: LC2120 | J13: 215 | K13: DE1 | L13: 3 | M13: 4 | N13: 119 | O13: =IF(OR(I13="LC2125",I13="LC2125_ER"),(L13+3)/4,IF(I13="LC2120",L13,"ERROR")) -> 3
A14: =IF(OR(I14="LC2125",I14="LC2125_ER"),"Hybrid HIPS",IF(I14="LC2120","Inbred HIPS","ERROR"))&"_"&O14&"_"&M14 -> Inbred HIPS_4_4 | B14: 1715820 | C14: 1729175 | D14: 2-row | E14: 1 | F14: 45 | G14: 1 | H14: ISU.IA.MOValley | I14: LC2120 | J14: 164 | K14: A679 | L14: 4 | M14: 4 | N14: 118 | O14: =IF(OR(I14="LC2125",I14="LC2125_ER"),(L14+3)/4,IF(I14="LC2120",L14,"ERROR")) -> 4
A15: =IF(OR(I15="LC2125",I15="LC2125_ER"),"Hybrid HIPS",IF(I15="LC2120","Inbred HIPS","ERROR"))&"_"&O15&"_"&M15 -> Inbred HIPS_5_4 | B15: 1716032 | C15: 1729287 | D15: 2-row | E15: 1 | F15: 44 | G15: 1 | H15: ISU.IA.MOValley | I15: LC2120 | J15: 276 | K15: B79 | L15: 5 | M15: 4 | N15: 117 | O15: =IF(OR(I15="LC2125",I15="LC2125_ER"),(L15+3)/4,IF(I15="LC2120",L15,"ERROR")) -> 5
A16: =IF(OR(I16="LC2125",I16="LC2125_ER"),"Hybrid HIPS",IF(I16="LC2120","Inbred HIPS","ERROR"))&"_"&O16&"_"&M16 -> Inbred HIPS_6_4 | B16: 1715835 | C16: 1729190 | D16: 2-row | E16: 1 | F16: 43 | G16: 1 | H16: ISU.IA.MOValley | I16: LC2120 | J16: 179 | K16: BO9 | L16: 6 | M16: 4 | N16: 116 | O16: =IF(OR(I16="LC2125",I16="LC2125_ER"),(L16+3)/4,IF(I16="LC2120",L16,"ERROR")) -> 6
A17: =IF(OR(I17="LC2125",I17="LC2125_ER"),"Hybrid HIPS",IF(I17="LC2120","Inbred HIPS","ERROR"))&"_"&O17&"_"&M17 -> Inbred HIPS_7_4 | B17: 1715474 | C17: 1723029 | D17: 2-row | E17: 1 | F17: 42 | G17: 1 | H17: ISU.IA.MOValley | I17: LC2120 | J17: 18 | K17: K55 | L17: 7 | M17: 4 | N17: 115 | O17: =IF(OR(I17="LC2125",I17="LC2125_ER"),(L17+3)/4,IF(I17="LC2120",L17,"ERROR")) -> 7
... A1029: =IF(OR(I1029="LC2125",I1029="LC2125_ER"),"Hybrid HIPS",IF(I1029="LC2120","Inbred HIPS","ERROR"))&"_"&O1029&"_"&M1029 -> Hybrid HIPS_21_41 | B1029: 1739801 | C1029: 1744302 | D1029: 4-row | E1029: 1 | F1029: 945 | G1029: 2 | H1029: ISU.IA.MOValley | I1029: LC2125_ER | J1029: 25 | K1029: ER-Pair 31 | L1029: 81 | M1029: 41 | N1029: 231 | O1029: =IF(OR(I1029="LC2125",I1029="LC2125_ER"),(L1029+3)/4,IF(I1029="LC2120",L1029,"ERROR")) -> 21

Sheet Original Maps
A1: Turkus Notes about Missouri Valley Fields
B2: LC2125 and LC2125_ER are the hybrid HIPS fields
B4: Exp Name | C4: Rep # | D4: Start plot # | E4: end plot # | F4: Note
B5: LC2125 | C5: 1 | D5: 101 | E5: 187 | F5: what would be plots 188-190 are filler
B6: LC2125 | C6: 2 | D6: 201 | E6: 287 | F6: what would be plots 288-290 are filler
B7: LC2125_ER | C7: 1 | D7: 101 | E7: 131 | F7: *part of the weird L
B8: LC2125_ER | C8: 2 | D8: 201 | E8: 231 | F8: *part of the weird L
B9: LC2120 | C9: 1 | D9: 1 | E9: 396 | F9: what would be plots 397-400 are filler
B10: LC2120 | C10: 2 | D10: 1 | E10: 396 | F10: what would be plots 397-400 are filler
B14: Other notes:
C15: Plot numbering is serpentine
C16: Hybrid's have an irregular layout (specifically for the LC2125_ER)
C17: Field is located to the North of the silos. Not sure if it's directly along the field, though.
C19: In Hybrids, rep 1 plots have the numbers 1XX, while rep2 had 2XX
C20: In inbreds, rep 1 and 2 have the same plot numbers
B23: Questions:
C24: Are row numbers staked?
D25: if yes, what are they for the inbred HIPS field?
E26: 1-12? or 85-106?

Sheet Turkus Layout
A1: Hybrid HIPS (By Plot #) | AA1: North | CK1: Inbred HIPS (By Plot #) | CP1: Rep 2
H2: LC2125 - Rep 1 | L2: LC2125 - Rep 2 | R2: LC2125_ER - Rep 1 | V2: LC2125_ER - Rep 2 | CP2: Rep 1
B4: Plot Row | C4: 1 | G4: 2 | K4: 3 | O4: 4 | S4: 5 | W4: 6 | AA4: 7 | AE4: 8 | AI4: 9 | AM4: 10 | AQ4: 11 | AU4: 12 | AY4: 13 | BC4: 14 | BG4: 15 | BK4: 16 | BO4: 17 | BS4: 18 | BW4: 19 | CA4: 20 | CE4: 21 | CM4: Plot Row | CN4: 1 | CP4: 2 | CR4: 3 | CT4: 4 | CV4: 5 | CX4: 6 | CZ4: 7 | DB4: 8 | DD4: 9 | DF4: 10 | DH4: 11 | DJ4: 12
B5: Field Row | C5: 1 | D5: 2 | E5: 3 | F5: 4 | G5: 5 | H5: 6 | I5: 7 | J5: 8 | K5: 9 | L5: 10 | M5: 11 | N5: 12 | O5: 13 | P5: 14 | Q5: 15 | R5: 16 | S5: 17 | T5: 18 | U5: 19 | V5: 20 | W5: 21 | X5: 22 | Y5: 23 | Z5: 24 | AA5: 25 | AB5: 26 | AC5: 27 | AD5: 28 | AE5: 29 | AF5: 30 | AG5: 31 | AH5: 32 | AI5: 33 | AJ5: 34 | AK5: 35 | AL5: 36 | AM5: 37 | AN5: 38 | AO5: 39 | AP5: 40 | AQ5: 41 | AR5: 42 | AS5: 43 | AT5: 44 | AU5: 45 | AV5: 46 | AW5: 47 | AX5: 48 | AY5: 49 | AZ5: 50 | BA5: 51 | BB5: 52 | BC5: 53 | BD5: 54 | BE5: 55 | BF5: 56 | BG5: 57 | BH5: 58 | BI5: 59 | BJ5: 60 | BK5: 61 | BL5: 62 | BM5: 63 | BN5: 64 | BO5: 65 | BP5: 66 | BQ5: 67 | BR5: 68 | BS5: 69 | BT5: 70 | BU5: 71 | BV5: 72 | BW5: 73 | BX5: 74 | BY5: 75 | BZ5: 76 | CA5: 77 | CB5: 78 | CC5: 79 | CD5: 80 | CE5: 81 | CF5: 82 | CG5: 83 | CH5: 84 | CM5: Field Row | CN5: 1 | CO5: 2 | CP5: 3 | CQ5: 4 | CR5: 5 | CS5: 6 | CT5: 7 | CU5: 8 | CV5: 9 | CW5: 10 | CX5: 11 | CY5: 12 | CZ5: 13 | DA5: 14 | DB5: 15 | DC5: 16 | DD5: 17 | DE5: 18 | DF5: 19 | DG5: 20 | DH5: 21 | DI5: 22 | DJ5: 23 | DK5: 24
B6: 42 | C6: NA | G6: NA | K6: NA | O6: NA | S6: NA | W6: NA | AA6: NA | AE6: NA | AI6: NA | AM6: NA | AQ6: NA | AU6: NA | AY6: NA | BC6: NA | BG6: NA | BK6: NA | BO6: NA | BS6: NA | BW6: NA | CA6: NA | CE6: NA | CM6: 84 | CN6: =IF(ISERROR(VLOOKUP("Inbred HIPS_"&CN$4&"_"&$CM6,'Turkus Index'!$A:$D,4,FALSE)),"NA",VLOOKUP("Inbred HIPS_"&CN$4&"_"&$CM6,'Turkus Index'!$A:$D,4,FALSE)) -> NA | CP6: =IF(ISERROR(VLOOKUP("Inbred HIPS_"&CP$4&"_"&$CM6,'Turkus Index'!$A:$D,4,FALSE)),"NA",VLOOKUP("Inbred HIPS_"&CP$4&"_"&$CM6,'Turkus Index'!$A:$D,4,FALSE)) -> NA | CR6: =IF(ISERROR(VLOOKUP("Inbred HIPS_"&CR$4&"_"&$CM6,'Turkus Index'!$A:$D,4,FALSE)),"NA",VLOOKUP("Inbred HIPS_"&CR$4&"_"&$CM6,'Turkus Index'!$A:$D,4,FALSE)) -> NA | CT6: =IF(ISERROR(VLOOKUP("Inbred HIPS_"&CT$4&"_"&$CM6,'Turkus Index'!$A:$D,4,FALSE)),"NA",VLOOKUP("Inbred HIPS_"&CT$4&"_"&$CM6,'Turkus Index'!$A:$D,4,FALSE)) -> NA | CV6: =IF(ISERROR(VLOOKUP("Inbred HIPS_"&CV$4&"_"&$CM6,'Turkus Index'!$A:$D,4,FALSE)),"NA",VLOOKUP("Inbred HIPS_"&CV$4&"_"&$CM6,'Turkus Index'!$A:$D,4,FALSE)) -> NA | CX6: =IF(ISERROR(VLOOKUP("Inbred HIPS_"&CX$4&"_"&$CM6,'Turkus Index'!$A:$D,4,FALSE)),"NA",VLOOKUP("Inbred HIPS_"&CX$4&"_"&$CM6,'Turkus Index'!$A:$D,4,FALSE)) -> NA | CZ6: =IF(ISERROR(VLOOKUP("Inbred HIPS_"&CZ$4&"_"&$CM6,'Turkus Index'!$A:$D,4,FALSE)),"NA",VLOOKUP("Inbred HIPS_"&CZ$4&"_"&$CM6,'Turkus Index'!$A:$D,4,FALSE)) -> NA | DB6: =IF(ISERROR(VLOOKUP("Inbred HIPS_"&DB$4&"_"&$CM6,'Turkus Index'!$A:$D,4,FALSE)),"NA",VLOOKUP("Inbred HIPS_"&DB$4&"_"&$CM6,'Turkus Index'!$A:$D,4,FALSE)) -> NA | DD6: =IF(ISERROR(VLOOKUP("Inbred HIPS_"&DD$4&"_"&$CM6,'Turkus Index'!$A:$D,4,FALSE)),"NA",VLOOKUP("Inbred HIPS_"&DD$4&"_"&$CM6,'Turkus Index'!$A:$D,4,FALSE)) -> NA | DF6: =IF(ISERROR(VLOOKUP("Inbred HIPS_"&DF$4&"_"&$CM6,'Turkus Index'!$A:$D,4,FALSE)),"NA",VLOOKUP("Inbred HIPS_"&DF$4&"_"&$CM6,'Turkus Index'!$A:$D,4,FALSE)) -> NA | DH6: =IF(ISERROR(VLOOKUP("Inbred HIPS_"&DH$4&"_"&$CM6,'Turkus Index'!$A:$D,4,FALSE)),"NA",VLOOKUP("Inbred HIPS_"&DH$4&"_"&$CM6,'Turkus Index'!$A:$D,4,FALSE)) -> NA | DJ6: =IF(ISERROR(VLOOKUP("Inbred HIPS_"&DJ$4&"_"&$CM6,'Turkus Index'!$A:$D,4,FALSE)),"NA",VLOOKUP("Inbred HIPS_"&DJ$4&"_"&$CM6,'Turkus Index'!$A:$D,4,FALSE)) -> NA
A7: Range | B7: 41 | C7: NA | G7: NA | K7: NA | O7: NA | S7: NA | W7: NA | AA7: NA | AE7: NA | AI7: NA | AM7: NA | AQ7: NA | AU7: NA | AY7: =AY8+1 -> 223 | BC7: =AY7+1 -> 224 | BG7: =BC7+1 -> 225 | BK7: =BG7+1 -> 226 | BO7: =BK7+1 -> 227 | BS7: =BO7+1 -> 228 | BW7: =BS7+1 -> 229 | CA7: =BW7+1 -> 230 | CE7: =CA7+1 -> 231 | CL7: Range | CM7: 83 | CN7: =IF(ISERROR(VLOOKUP("Inbred HIPS_"&CN$4&"_"&$CM7,'Turkus Index'!$A:$D,4,FALSE)),"NA",VLOOKUP("Inbred HIPS_"&CN$4&"_"&$CM7,'Turkus Index'!$A:$D,4,FALSE)) -> NA | CP7: =IF(ISERROR(VLOOKUP("Inbred HIPS_"&CP$4&"_"&$CM7,'Turkus Index'!$A:$D,4,FALSE)),"NA",VLOOKUP("Inbred HIPS_"&CP$4&"_"&$CM7,'Turkus Index'!$A:$D,4,FALSE)) -> NA | CR7: =IF(ISERROR(VLOOKUP("Inbred HIPS_"&CR$4&"_"&$CM7,'Turkus Index'!$A:$D,4,FALSE)),"NA",VLOOKUP("Inbred HIPS_"&CR$4&"_"&$CM7,'Turkus Index'!$A:$D,4,FALSE)) -> NA | CT7: =IF(ISERROR(VLOOKUP("Inbred HIPS_"&CT$4&"_"&$CM7,'Turkus Index'!$A:$D,4,FALSE)),"NA",VLOOKUP("Inbred HIPS_"&CT$4&"_"&$CM7,'Turkus Index'!$A:$D,4,FALSE)) -> NA | CV7: =IF(ISERROR(VLOOKUP("Inbred HIPS_"&CV$4&"_"&$CM7,'Turkus Index'!$A:$D,4,FALSE)),"NA",VLOOKUP("Inbred HIPS_"&CV$4&"_"&$CM7,'Turkus Index'!$A:$D,4,FALSE)) -> NA | CX7: =IF(ISERROR(VLOOKUP("Inbred HIPS_"&CX$4&"_"&$CM7,'Turkus Index'!$A:$D,4,FALSE)),"NA",VLOOKUP("Inbred HIPS_"&CX$4&"_"&$CM7,'Turkus Index'!$A:$D,4,FALSE)) -> NA | CZ7: =IF(ISERROR(VLOOKUP("Inbred HIPS_"&CZ$4&"_"&$CM7,'Turkus Index'!$A:$D,4,FALSE)),"NA",VLOOKUP("Inbred HIPS_"&CZ$4&"_"&$CM7,'Turkus Index'!$A:$D,4,FALSE)) -> NA | DB7: =IF(ISERROR(VLOOKUP("Inbred HIPS_"&DB$4&"_"&$CM7,'Turkus Index'!$A:$D,4,FALSE)),"NA",VLOOKUP("Inbred HIPS_"&DB$4&"_"&$CM7,'Turkus Index'!$A:$D,4,FALSE)) -> NA | DD7: =IF(ISERROR(VLOOKUP("Inbred HIPS_"&DD$4&"_"&$CM7,'Turkus Index'!$A:$D,4,FALSE)),"NA",VLOOKUP("Inbred HIPS_"&DD$4&"_"&$CM7,'Turkus Index'!$A:$D,4,FALSE)) -> NA | DF7: =IF(ISERROR(VLOOKUP("Inbred HIPS_"&DF$4&"_"&$CM7,'Turkus Index'!$A:$D,4,FALSE)),"NA",VLOOKUP("Inbred HIPS_"&DF$4&"_"&$CM7,'Turkus Index'!$A:$D,4,FALSE)) -> NA | DH7: =IF(ISERROR(VLOOKUP("Inbred HIPS_"&DH$4&"_"&$CM7,'Turkus Index'!$A:$D,4,FALSE)),"NA",VLOOKUP("Inbred HIPS_"&DH$4&"_"&$CM7,'Turkus Index'!$A:$D,4,FALSE)) -> NA | DJ7: =IF(ISERROR(VLOOKUP("Inbred HIPS_"&DJ$4&"_"&$CM7,'Turkus Index'!$A:$D,4,FALSE)),"NA",VLOOKUP("Inbred HIPS_"&DJ$4&"_"&$CM7,'Turkus Index'!$A:$D,4,FALSE)) -> NA
B8: 40 | C8: NA | G8: NA | K8: NA | O8: NA | S8: NA | W8: NA | AA8: NA | AE8: NA | AI8: NA | AM8: NA | AQ8: NA | AU8: NA | AY8: =BC8+1 -> 222 | BC8: =BG8+1 -> 221 | BG8: =BK8+1 -> 220 | BK8: =BO8+1 -> 219 | BO8: =BS8+1 -> 218 | BS8: =BW8+1 -> 217 | BW8: =CA8+1 -> 216 | CA8: =CE8+1 -> 215 | CE8: =CE9+1 -> 214 | CM8: 82 | CN8: =IF(ISERROR(VLOOKUP("Inbred HIPS_"&CN$4&"_"&$CM8,'Turkus Index'!$A:$D,4,FALSE)),"NA",VLOOKUP("Inbred HIPS_"&CN$4&"_"&$CM8,'Turkus Index'!$A:$D,4,FALSE)) -> NA | CP8: =IF(ISERROR(VLOOKUP("Inbred HIPS_"&CP$4&"_"&$CM8,'Turkus Index'!$A:$D,4,FALSE)),"NA",VLOOKUP("Inbred HIPS_"&CP$4&"_"&$CM8,'Turkus Index'!$A:$D,4,FALSE)) -> Filler | CR8: =IF(ISERROR(VLOOKUP("Inbred HIPS_"&CR$4&"_"&$CM8,'Turkus Index'!$A:$D,4,FALSE)),"NA",VLOOKUP("Inbred HIPS_"&CR$4&"_"&$CM8,'Turkus Index'!$A:$D,4,FALSE)) -> Filler | CT8: =IF(ISERROR(VLOOKUP("Inbred HIPS_"&CT$4&"_"&$CM8,'Turkus Index'!$A:$D,4,FALSE)),"NA",VLOOKUP("Inbred HIPS_"&CT$4&"_"&$CM8,'Turkus Index'!$A:$D,4,FALSE)) -> Filler | CV8: =IF(ISERROR(VLOOKUP("Inbred HIPS_"&CV$4&"_"&$CM8,'Turkus Index'!$A:$D,4,FALSE)),"NA",VLOOKUP("Inbred HIPS_"&CV$4&"_"&$CM8,'Turkus Index'!$A:$D,4,FALSE)) -> Filler | CX8: =IF(ISERROR(VLOOKUP("Inbred HIPS_"&CX$4&"_"&$CM8,'Turkus Index'!$A:$D,4,FALSE)),"NA",VLOOKUP("Inbred HIPS_"&CX$4&"_"&$CM8,'Turkus Index'!$A:$D,4,FALSE)) -> 596 | CZ8: =IF(ISERROR(VLOOKUP("Inbred HIPS_"&CZ$4&"_"&$CM8,'Turkus Index'!$A:$D,4,FALSE)),"NA",VLOOKUP("Inbred HIPS_"&CZ$4&"_"&$CM8,'Turkus Index'!$A:$D,4,FALSE)) -> 595 | DB8: =IF(ISERROR(VLOOKUP("Inbred HIPS_"&DB$4&"_"&$CM8,'Turkus Index'!$A:$D,4,FALSE)),"NA",VLOOKUP("Inbred HIPS_"&DB$4&"_"&$CM8,'Turkus Index'!$A:$D,4,FALSE)) -> 594 | DD8: =IF(ISERROR(VLOOKUP("Inbred HIPS_"&DD$4&"_"&$CM8,'Turkus Index'!$A:$D,4,FALSE)),"NA",VLOOKUP("Inbred HIPS_"&DD$4&"_"&$CM8,'Turkus Index'!$A:$D,4,FALSE)) -> 593 | DF8: =IF(ISERROR(VLOOKUP("Inbred HIPS_"&DF$4&"_"&$CM8,'Turkus Index'!$A:$D,4,FALSE)),"NA",VLOOKUP("Inbred HIPS_"&DF$4&"_"&$CM8,'Turkus Index'!$A:$D,4,FALSE)) -> 592 | DH8: =IF(ISERROR(VLOOKUP("Inbred HIPS_"&DH$4&"_"&$CM8,'Turkus Index'!$A:$D,4,FALSE)),"NA",VLOOKUP("Inbred HIPS_"&DH$4&"_"&$CM8,'Turkus Index'!$A:$D,4,FALSE)) -> 591 | DJ8: =IF(ISERROR(VLOOKUP("Inbred HIPS_"&DJ$4&"_"&$CM8,'Turkus Index'!$A:$D,4,FALSE)),"NA",VLOOKUP("Inbred HIPS_"&DJ$4&"_"&$CM8,'Turkus Index'!$A:$D,4,FALSE)) -> NA
B9: 39 | C9: NA | G9: NA | K9: NA | O9: NA | S9: NA | W9: NA | AA9: NA | AE9: NA | AI9: NA | AM9: NA | AQ9: NA | AU9: NA | AY9: NA | BC9: NA | BG9: NA | BK9: NA | BO9: NA | BS9: NA | BW9: NA | CA9: =CA10+1 -> 212 | CE9: =CA9+1 -> 213 | CM9: 81 | CN9: =IF(ISERROR(VLOOKUP("Inbred HIPS_"&CN$4&"_"&$CM9,'Turkus Index'!$A:$D,4,FALSE)),"NA",VLOOKUP("Inbred HIPS_"&CN$4&"_"&$CM9,'Turkus Index'!$A:$D,4,FALSE)) -> NA | CP9: =IF(ISERROR(VLOOKUP("Inbred HIPS_"&CP$4&"_"&$CM9,'Turkus Index'!$A:$D,4,FALSE)),"NA",VLOOKUP("Inbred HIPS_"&CP$4&"_"&$CM9,'Turkus Index'!$A:$D,4,FALSE)) -> 581 | CR9: =IF(ISERROR(VLOOKUP("Inbred HIPS_"&CR$4&"_"&$CM9,'Turkus Index'!$A:$D,4,FALSE)),"NA",VLOOKUP("Inbred HIPS_"&CR$4&"_"&$CM9,'Turkus Index'!$A:$D,4,FALSE)) -> 582 | CT9: =IF(ISERROR(VLOOKUP("Inbred HIPS_"&CT$4&"_"&$CM9,'Turkus Index'!$A:$D,4,FALSE)),"NA",VLOOKUP("Inbred HIPS_"&CT$4&"_"&$CM9,'Turkus Index'!$A:$D,4,FALSE)) -> 583 | CV9: =IF(ISERROR(VLOOKUP("Inbred HIPS_"&CV$4&"_"&$CM9,'Turkus Index'!$A:$D,4,FALSE)),"NA",VLOOKUP("Inbred HIPS_"&CV$4&"_"&$CM9,'Turkus Index'!$A:$D,4,FALSE)) -> 584 | CX9: =IF(ISERROR(VLOOKUP("Inbred HIPS_"&CX$4&"_"&$CM9,'Turkus Index'!$A:$D,4,FALSE)),"NA",VLOOKUP("Inbred HIPS_"&CX$4&"_"&$CM9,'Turkus Index'!$A:$D,4,FALSE)) -> 585 | CZ9: =IF(ISERROR(VLOOKUP("Inbred HIPS_"&CZ$4&"_"&$CM9,'Turkus Index'!$A:$D,4,FALSE)),"NA",VLOOKUP("Inbred HIPS_"&CZ$4&"_"&$CM9,'Turkus Index'!$A:$D,4,FALSE)) -> 586 | DB9: =IF(ISERROR(VLOOKUP("Inbred HIPS_"&DB$4&"_"&$CM9,'Turkus Index'!$A:$D,4,FALSE)),"NA",VLOOKUP("Inbred HIPS_"&DB$4&"_"&$CM9,'Turkus Index'!$A:$D,4,FALSE)) -> 587 | DD9: =IF(ISERROR(VLOOKUP("Inbred HIPS_"&DD$4&"_"&$CM9,'Turkus Index'!$A:$D,4,FALSE)),"NA",VLOOKUP("Inbred HIPS_"&DD$4&"_"&$CM9,'Turkus Index'!$A:$D,4,FALSE)) -> 588 | DF9: =IF(ISERROR(VLOOKUP("Inbred HIPS_"&DF$4&"_"&$CM9,'Turkus Index'!$A:$D,4,FALSE)),"NA",VLOOKUP("Inbred HIPS_"&DF$4&"_"&$CM9,'Turkus Index'!$A:$D,4,FALSE)) -> 589 | DH9: =IF(ISERROR(VLOOKUP("Inbred HIPS_"&DH$4&"_"&$CM9,'Turkus Index'!$A:$D,4,FALSE)),"NA",VLOOKUP("Inbred HIPS_"&DH$4&"_"&$CM9,'Turkus Index'!$A:$D,4,FALSE)) -> 590 | DJ9: =IF(ISERROR(VLOOKUP("Inbred HIPS_"&DJ$4&"_"&$CM9,'Turkus Index'!$A:$D,4,FALSE)),"NA",VLOOKUP("Inbred HIPS_"&DJ$4&"_"&$CM9,'Turkus Index'!$A:$D,4,FALSE)) -> NA
B10: 38 | C10: NA | G10: NA | K10: NA | O10: NA | S10: NA | W10: NA | AA10: NA | AE10: NA | AI10: NA | AM10: NA | AQ10: NA | AU10: NA | AY10: NA | BC10: NA | BG10: NA | BK10: NA | BO10: NA | BS10: NA | BW10: NA | CA10: =CE10+1 -> 211 | CE10: =CE11+1 -> 210 | CM10: 80 | CN10: =IF(ISERROR(VLOOKUP("Inbred HIPS_"&CN$4&"_"&$CM10,'Turkus Index'!$A:$D,4,FALSE)),"NA",VLOOKUP("Inbred HIPS_"&CN$4&"_"&$CM10,'Turkus Index'!$A:$D,4,FALSE)) -> NA | CP10: =IF(ISERROR(VLOOKUP("Inbred HIPS_"&CP$4&"_"&$CM10,'Turkus Index'!$A:$D,4,FALSE)),"NA",VLOOKUP("Inbred HIPS_"&CP$4&"_"&$CM10,'Turkus Index'!$A:$D,4,FALSE)) -> 580 | CR10: =IF(ISERROR(VLOOKUP("Inbred HIPS_"&CR$4&"_"&$CM10,'Turkus Index'!$A:$D,4,FALSE)),"NA",VLOOKUP("Inbred HIPS_"&CR$4&"_"&$CM10,'Turkus Index'!$A:$D,4,FALSE)) -> 579 | CT10: =IF(ISERROR(VLOOKUP("Inbred HIPS_"&CT$4&"_"&$CM10,'Turkus Index'!$A:$D,4,FALSE)),"NA",VLOOKUP("Inbred HIPS_"&CT$4&"_"&$CM10,'Turkus Index'!$A:$D,4,FALSE)) -> 578 | CV10: =IF(ISERROR(VLOOKUP("Inbred HIPS_"&CV$4&"_"&$CM10,'Turkus Index'!$A:$D,4,FALSE)),"NA",VLOOKUP("Inbred HIPS_"&CV$4&"_"&$CM10,'Turkus Index'!$A:$D,4,FALSE)) -> 577 | CX10: =IF(ISERROR(VLOOKUP("Inbred HIPS_"&CX$4&"_"&$CM10,'Turkus Index'!$A:$D,4,FALSE)),"NA",VLOOKUP("Inbred HIPS_"&CX$4&"_"&$CM10,'Turkus Index'!$A:$D,4,FALSE)) -> 576 | CZ10: =IF(ISERROR(VLOOKUP("Inbred HIPS_"&CZ$4&"_"&$CM10,'Turkus Index'!$A:$D,4,FALSE)),"NA",VLOOKUP("Inbred HIPS_"&CZ$4&"_"&$CM10,'Turkus Index'!$A:$D,4,FALSE)) -> 575 | DB10: =IF(ISERROR(VLOOKUP("Inbred HIPS_"&DB$4&"_"&$CM10,'Turkus Index'!$A:$D,4,FALSE)),"NA",VLOOKUP("Inbred HIPS_"&DB$4&"_"&$CM10,'Turkus Index'!$A:$D,4,FALSE)) -> 574 | DD10: =IF(ISERROR(VLOOKUP("Inbred HIPS_"&DD$4&"_"&$CM10,'Turkus Index'!$A:$D,4,FALSE)),"NA",VLOOKUP("Inbred HIPS_"&DD$4&"_"&$CM10,'Turkus Index'!$A:$D,4,FALSE)) -> 573 | DF10: =IF(ISERROR(VLOOKUP("Inbred HIPS_"&DF$4&"_"&$CM10,'Turkus Index'!$A:$D,4,FALSE)),"NA",VLOOKUP("Inbred HIPS_"&DF$4&"_"&$CM10,'Turkus Index'!$A:$D,4,FALSE)) -> 572 | DH10: =IF(ISERROR(VLOOKUP("Inbred HIPS_"&DH$4&"_"&$CM10,'Turkus Index'!$A:$D,4,FALSE)),"NA",VLOOKUP("Inbred HIPS_"&DH$4&"_"&$CM10,'Turkus Index'!$A:$D,4,FALSE)) -> 571 | DJ10: =IF(ISERROR(VLOOKUP("Inbred HIPS_"&DJ$4&"_"&$CM10,'Turkus Index'!$A:$D,4,FALSE)),"NA",VLOOKUP("Inbred HIPS_"&DJ$4&"_"&$CM10,'Turkus Index'!$A:$D,4,FALSE)) -> NA
B11: 37 | C11: NA | G11: NA | K11: NA | O11: NA | S11: NA | W11: NA | AA11: NA | AE11: NA | AI11: NA | AM11: NA | AQ11: NA | AU11: NA | AY11: NA | BC11: NA | BG11: NA | BK11: NA | BO11: NA | BS11: NA | BW11: NA | CA11: =CA12+1 -> 208 | CE11: =CA11+1 -> 209 | CM11: 79 | CN11: =IF(ISERROR(VLOOKUP("Inbred HIPS_"&CN$4&"_"&$CM11,'Turkus Index'!$A:$D,4,FALSE)),"NA",VLOOKUP("Inbred HIPS_"&CN$4&"_"&$CM11,'Turkus Index'!$A:$D,4,FALSE)) -> NA | CP11: =IF(ISERROR(VLOOKUP("Inbred HIPS_"&CP$4&"_"&$CM11,'Turkus Index'!$A:$D,4,FALSE)),"NA",VLOOKUP("Inbred HIPS_"&CP$4&"_"&$CM11,'Turkus Index'!$A:$D,4,FALSE)) -> 561 | CR11: =IF(ISERROR(VLOOKUP("Inbred HIPS_"&CR$4&"_"&$CM11,'Turkus Index'!$A:$D,4,FALSE)),"NA",VLOOKUP("Inbred HIPS_"&CR$4&"_"&$CM11,'Turkus Index'!$A:$D,4,FALSE)) -> 562 | CT11: =IF(ISERROR(VLOOKUP("Inbred HIPS_"&CT$4&"_"&$CM11,'Turkus Index'!$A:$D,4,FALSE)),"NA",VLOOKUP("Inbred HIPS_"&CT$4&"_"&$CM11,'Turkus Index'!$A:$D,4,FALSE)) -> 563 | CV11: =IF(ISERROR(VLOOKUP("Inbred HIPS_"&CV$4&"_"&$CM11,'Turkus Index'!$A:$D,4,FALSE)),"NA",VLOOKUP("Inbred HIPS_"&CV$4&"_"&$CM11,'Turkus Index'!$A:$D,4,FALSE)) -> 564 | CX11: =IF(ISERROR(VLOOKUP("Inbred HIPS_"&CX$4&"_"&$CM11,'Turkus Index'!$A:$D,4,FALSE)),"NA",VLOOKUP("Inbred HIPS_"&CX$4&"_"&$CM11,'Turkus Index'!$A:$D,4,FALSE)) -> 565 | CZ11: =IF(ISERROR(VLOOKUP("Inbred HIPS_"&CZ$4&"_"&$CM11,'Turkus Index'!$A:$D,4,FALSE)),"NA",VLOOKUP("Inbred HIPS_"&CZ$4&"_"&$CM11,'Turkus Index'!$A:$D,4,FALSE)) -> 566 | DB11: =IF(ISERROR(VLOOKUP("Inbred HIPS_"&DB$4&"_"&$CM11,'Turkus Index'!$A:$D,4,FALSE)),"NA",VLOOKUP("Inbred HIPS_"&DB$4&"_"&$CM11,'Turkus Index'!$A:$D,4,FALSE)) -> 567 | DD11: =IF(ISERROR(VLOOKUP("Inbred HIPS_"&DD$4&"_"&$CM11,'Turkus Index'!$A:$D,4,FALSE)),"NA",VLOOKUP("Inbred HIPS_"&DD$4&"_"&$CM11,'Turkus Index'!$A:$D,4,FALSE)) -> 568 | DF11: =IF(ISERROR(VLOOKUP("Inbred HIPS_"&DF$4&"_"&$CM11,'Turkus Index'!$A:$D,4,FALSE)),"NA",VLOOKUP("Inbred HIPS_"&DF$4&"_"&$CM11,'Turkus Index'!$A:$D,4,FALSE)) -> 569 | DH11: =IF(ISERROR(VLOOKUP("Inbred HIPS_"&DH$4&"_"&$CM11,'Turkus Index'!$A:$D,4,FALSE)),"NA",VLOOKUP("Inbred HIPS_"&DH$4&"_"&$CM11,'Turkus Index'!$A:$D,4,FALSE)) -> 570 | DJ11: =IF(ISERROR(VLOOKUP("Inbred HIPS_"&DJ$4&"_"&$CM11,'Turkus Index'!$A:$D,4,FALSE)),"NA",VLOOKUP("Inbred HIPS_"&DJ$4&"_"&$CM11,'Turkus Index'!$A:$D,4,FALSE)) -> NA
B12: 36 | C12: NA | G12: NA | K12: NA | O12: NA | S12: NA | W12: NA | AA12: NA | AE12: NA | AI12: NA | AM12: NA | AQ12: NA | AU12: NA | AY12: NA | BC12: NA | BG12: NA | BK12: NA | BO12: NA | BS12: NA | BW12: NA | CA12: =CE12+1 -> 207 | CE12: =CE13+1 -> 206 | CM12: 78 | CN12: =IF(ISERROR(VLOOKUP("Inbred HIPS_"&CN$4&"_"&$CM12,'Turkus Index'!$A:$D,4,FALSE)),"NA",VLOOKUP("Inbred HIPS_"&CN$4&"_"&$CM12,'Turkus Index'!$A:$D,4,FALSE)) -> NA | CP12: =IF(ISERROR(VLOOKUP("Inbred HIPS_"&CP$4&"_"&$CM12,'Turkus Index'!$A:$D,4,FALSE)),"NA",VLOOKUP("Inbred HIPS_"&CP$4&"_"&$CM12,'Turkus Index'!$A:$D,4,FALSE)) -> 560 | CR12: =IF(ISERROR(VLOOKUP("Inbred HIPS_"&CR$4&"_"&$CM12,'Turkus Index'!$A:$D,4,FALSE)),"NA",VLOOKUP("Inbred HIPS_"&CR$4&"_"&$CM12,'Turkus Index'!$A:$D,4,FALSE)) -> 559 | CT12: =IF(ISERROR(VLOOKUP("Inbred HIPS_"&CT$4&"_"&$CM12,'Turkus Index'!$A:$D,4,FALSE)),"NA",VLOOKUP("Inbred HIPS_"&CT$4&"_"&$CM12,'Turkus Index'!$A:$D,4,FALSE)) -> 558 | CV12: =IF(ISERROR(VLOOKUP("Inbred HIPS_"&CV$4&"_"&$CM12,'Turkus Index'!$A:$D,4,FALSE)),"NA",VLOOKUP("Inbred HIPS_"&CV$4&"_"&$CM12,'Turkus Index'!$A:$D,4,FALSE)) -> 557 | CX12: =IF(ISERROR(VLOOKUP("Inbred HIPS_"&CX$4&"_"&$CM12,'Turkus Index'!$A:$D,4,FALSE)),"NA",VLOOKUP("Inbred HIPS_"&CX$4&"_"&$CM12,'Turkus Index'!$A:$D,4,FALSE)) -> 556 | CZ12: =IF(ISERROR(VLOOKUP("Inbred HIPS_"&CZ$4&"_"&$CM12,'Turkus Index'!$A:$D,4,FALSE)),"NA",VLOOKUP("Inbred HIPS_"&CZ$4&"_"&$CM12,'Turkus Index'!$A:$D,4,FALSE)) -> 555 | DB12: =IF(ISERROR(VLOOKUP("Inbred HIPS_"&DB$4&"_"&$CM12,'Turkus Index'!$A:$D,4,FALSE)),"NA",VLOOKUP("Inbred HIPS_"&DB$4&"_"&$CM12,'Turkus Index'!$A:$D,4,FALSE)) -> 554 | DD12: =IF(ISERROR(VLOOKUP("Inbred HIPS_"&DD$4&"_"&$CM12,'Turkus Index'!$A:$D,4,FALSE)),"NA",VLOOKUP("Inbred HIPS_"&DD$4&"_"&$CM12,'Turkus Index'!$A:$D,4,FALSE)) -> 553 | DF12: =IF(ISERROR(VLOOKUP("Inbred HIPS_"&DF$4&"_"&$CM12,'Turkus Index'!$A:$D,4,FALSE)),"NA",VLOOKUP("Inbred HIPS_"&DF$4&"_"&$CM12,'Turkus Index'!$A:$D,4,FALSE)) -> 552 | DH12: =IF(ISERROR(VLOOKUP("Inbred HIPS_"&DH$4&"_"&$CM12,'Turkus Index'!$A:$D,4,FALSE)),"NA",VLOOKUP("Inbred HIPS_"&DH$4&"_"&$CM12,'Turkus Index'!$A:$D,4,FALSE)) -> 551 | DJ12: =IF(ISERROR(VLOOKUP("Inbred HIPS_"&DJ$4&"_"&$CM12,'Turkus Index'!$A:$D,4,FALSE)),"NA",VLOOKUP("Inbred HIPS_"&DJ$4&"_"&$CM12,'Turkus Index'!$A:$D,4,FALSE)) -> NA
B13: 35 | C13: NA | G13: NA | K13: NA | O13: NA | S13: NA | W13: NA | AA13: NA | AE13: NA | AI13: NA | AM13: NA | AQ13: NA | AU13: NA | AY13: NA | BC13: NA | BG13: NA | BK13: NA | BO13: NA | BS13: NA | BW13: NA | CA13: =CA14+1 -> 204 | CE13: =CA13+1 -> 205 | CM13: 77 | CN13: =IF(ISERROR(VLOOKUP("Inbred HIPS_"&CN$4&"_"&$CM13,'Turkus Index'!$A:$D,4,FALSE)),"NA",VLOOKUP("Inbred HIPS_"&CN$4&"_"&$CM13,'Turkus Index'!$A:$D,4,FALSE)) -> NA | CP13: =IF(ISERROR(VLOOKUP("Inbred HIPS_"&CP$4&"_"&$CM13,'Turkus Index'!$A:$D,4,FALSE)),"NA",VLOOKUP("Inbred HIPS_"&CP$4&"_"&$CM13,'Turkus Index'!$A:$D,4,FALSE)) -> 541 | CR13: =IF(ISERROR(VLOOKUP("Inbred HIPS_"&CR$4&"_"&$CM13,'Turkus Index'!$A:$D,4,FALSE)),"NA",VLOOKUP("Inbred HIPS_"&CR$4&"_"&$CM13,'Turkus Index'!$A:$D,4,FALSE)) -> 542 | CT13: =IF(ISERROR(VLOOKUP("Inbred HIPS_"&CT$4&"_"&$CM13,'Turkus Index'!$A:$D,4,FALSE)),"NA",VLOOKUP("Inbred HIPS_"&CT$4&"_"&$CM13,'Turkus Index'!$A:$D,4,FALSE)) -> 543 | CV13: =IF(ISERROR(VLOOKUP("Inbred HIPS_"&CV$4&"_"&$CM13,'Turkus Index'!$A:$D,4,FALSE)),"NA",VLOOKUP("Inbred HIPS_"&CV$4&"_"&$CM13,'Turkus Index'!$A:$D,4,FALSE)) -> 544 | CX13: =IF(ISERROR(VLOOKUP("Inbred HIPS_"&CX$4&"_"&$CM13,'Turkus Index'!$A:$D,4,FALSE)),"NA",VLOOKUP("Inbred HIPS_"&CX$4&"_"&$CM13,'Turkus Index'!$A:$D,4,FALSE)) -> 545 | CZ13: =IF(ISERROR(VLOOKUP("Inbred HIPS_"&CZ$4&"_"&$CM13,'Turkus Index'!$A:$D,4,FALSE)),"NA",VLOOKUP("Inbred HIPS_"&CZ$4&"_"&$CM13,'Turkus Index'!$A:$D,4,FALSE)) -> 546 | DB13: =IF(ISERROR(VLOOKUP("Inbred HIPS_"&DB$4&"_"&$CM13,'Turkus Index'!$A:$D,4,FALSE)),"NA",VLOOKUP("Inbred HIPS_"&DB$4&"_"&$CM13,'Turkus Index'!$A:$D,4,FALSE)) -> 547 | DD13: =IF(ISERROR(VLOOKUP("Inbred HIPS_"&DD$4&"_"&$CM13,'Turkus Index'!$A:$D,4,FALSE)),"NA",VLOOKUP("Inbred HIPS_"&DD$4&"_"&$CM13,'Turkus Index'!$A:$D,4,FALSE)) -> 548 | DF13: =IF(ISERROR(VLOOKUP("Inbred HIPS_"&DF$4&"_"&$CM13,'Turkus Index'!$A:$D,4,FALSE)),"NA",VLOOKUP("Inbred HIPS_"&DF$4&"_"&$CM13,'Turkus Index'!$A:$D,4,FALSE)) -> 549 | DH13: =IF(ISERROR(VLOOKUP("Inbred HIPS_"&DH$4&"_"&$CM13,'Turkus Index'!$A:$D,4,FALSE)),"NA",VLOOKUP("Inbred HIPS_"&DH$4&"_"&$CM13,'Turkus Index'!$A:$D,4,FALSE)) -> 550 | DJ13: =IF(ISERROR(VLOOKUP("Inbred HIPS_"&DJ$4&"_"&$CM13,'Turkus Index'!$A:$D,4,FALSE)),"NA",VLOOKUP("Inbred HIPS_"&DJ$4&"_"&$CM13,'Turkus Index'!$A:$D,4,FALSE)) -> NA
B14: 34 | C14: NA | G14: NA | K14: NA | O14: NA | S14: NA | W14: NA | AA14: NA | AE14: NA | AI14: NA | AM14: NA | AQ14: NA | AU14: NA | AY14: NA | BC14: NA | BG14: NA | BK14: NA | BO14: NA | BS14: NA | BW14: NA | CA14: =CE14+1 -> 203 | CE14: 202 | CM14: 76 | CN14: =IF(ISERROR(VLOOKUP("Inbred HIPS_"&CN$4&"_"&$CM14,'Turkus Index'!$A:$D,4,FALSE)),"NA",VLOOKUP("Inbred HIPS_"&CN$4&"_"&$CM14,'Turkus Index'!$A:$D,4,FALSE)) -> NA | CP14: =IF(ISERROR(VLOOKUP("Inbred HIPS_"&CP$4&"_"&$CM14,'Turkus Index'!$A:$D,4,FALSE)),"NA",VLOOKUP("Inbred HIPS_"&CP$4&"_"&$CM14,'Turkus Index'!$A:$D,4,FALSE)) -> 540 | CR14: =IF(ISERROR(VLOOKUP("Inbred HIPS_"&CR$4&"_"&$CM14,'Turkus Index'!$A:$D,4,FALSE)),"NA",VLOOKUP("Inbred HIPS_"&CR$4&"_"&$CM14,'Turkus Index'!$A:$D,4,FALSE)) -> 539 | CT14: =IF(ISERROR(VLOOKUP("Inbred HIPS_"&CT$4&"_"&$CM14,'Turkus Index'!$A:$D,4,FALSE)),"NA",VLOOKUP("Inbred HIPS_"&CT$4&"_"&$CM14,'Turkus Index'!$A:$D,4,FALSE)) -> 538 | CV14: =IF(ISERROR(VLOOKUP("Inbred HIPS_"&CV$4&"_"&$CM14,'Turkus Index'!$A:$D,4,FALSE)),"NA",VLOOKUP("Inbred HIPS_"&CV$4&"_"&$CM14,'Turkus Index'!$A:$D,4,FALSE)) -> 537 | CX14: =IF(ISERROR(VLOOKUP("Inbred HIPS_"&CX$4&"_"&$CM14,'Turkus Index'!$A:$D,4,FALSE)),"NA",VLOOKUP("Inbred HIPS_"&CX$4&"_"&$CM14,'Turkus Index'!$A:$D,4,FALSE)) -> 536 | CZ14: =IF(ISERROR(VLOOKUP("Inbred HIPS_"&CZ$4&"_"&$CM14,'Turkus Index'!$A:$D,4,FALSE)),"NA",VLOOKUP("Inbred HIPS_"&CZ$4&"_"&$CM14,'Turkus Index'!$A:$D,4,FALSE)) -> 535 | DB14: =IF(ISERROR(VLOOKUP("Inbred HIPS_"&DB$4&"_"&$CM14,'Turkus Index'!$A:$D,4,FALSE)),"NA",VLOOKUP("Inbred HIPS_"&DB$4&"_"&$CM14,'Turkus Index'!$A:$D,4,FALSE)) -> 534 | DD14: =IF(ISERROR(VLOOKUP("Inbred HIPS_"&DD$4&"_"&$CM14,'Turkus Index'!$A:$D,4,FALSE)),"NA",VLOOKUP("Inbred HIPS_"&DD$4&"_"&$CM14,'Turkus Index'!$A:$D,4,FALSE)) -> 533 | DF14: =IF(ISERROR(VLOOKUP("Inbred HIPS_"&DF$4&"_"&$CM14,'Turkus Index'!$A:$D,4,FALSE)),"NA",VLOOKUP("Inbred HIPS_"&DF$4&"_"&$CM14,'Turkus Index'!$A:$D,4,FALSE)) -> 532 | DH14: =IF(ISERROR(VLOOKUP("Inbred HIPS_"&DH$4&"_"&$CM14,'Turkus Index'!$A:$D,4,FALSE)),"NA",VLOOKUP("Inbred HIPS_"&DH$4&"_"&$CM14,'Turkus Index'!$A:$D,4,FALSE)) -> 531 | DJ14: =IF(ISERROR(VLOOKUP("Inbred HIPS_"&DJ$4&"_"&$CM14,'Turkus Index'!$A:$D,4,FALSE)),"NA",VLOOKUP("Inbred HIPS_"&DJ$4&"_"&$CM14,'Turkus Index'!$A:$D,4,FALSE)) -> NA
B15: 33 | C15: NA | G15: NA | K15: NA | O15: NA | S15: NA | W15: NA | AA15: NA | AE15: NA | AI15: NA | AM15: NA | AQ15: NA | AU15: NA | AY15: NA | BC15: NA | BG15: NA | BK15: NA | BO15: NA | BS15: NA | BW15: NA | CA15: 201 | CE15: =CE16+1 -> 131 | CM15: 75 | CN15: =IF(ISERROR(VLOOKUP("Inbred HIPS_"&CN$4&"_"&$CM15,'Turkus Index'!$A:$D,4,FALSE)),"NA",VLOOKUP("Inbred HIPS_"&CN$4&"_"&$CM15,'Turkus Index'!$A:$D,4,FALSE)) -> NA | CP15: =IF(ISERROR(VLOOKUP("Inbred HIPS_"&CP$4&"_"&$CM15,'Turkus Index'!$A:$D,4,FALSE)),"NA",VLOOKUP("Inbred HIPS_"&CP$4&"_"&$CM15,'Turkus Index'!$A:$D,4,FALSE)) -> 521 | CR15: =IF(ISERROR(VLOOKUP("Inbred HIPS_"&CR$4&"_"&$CM15,'Turkus Index'!$A:$D,4,FALSE)),"NA",VLOOKUP("Inbred HIPS_"&CR$4&"_"&$CM15,'Turkus Index'!$A:$D,4,FALSE)) -> 522 | CT15: =IF(ISERROR(VLOOKUP("Inbred HIPS_"&CT$4&"_"&$CM15,'Turkus Index'!$A:$D,4,FALSE)),"NA",VLOOKUP("Inbred HIPS_"&CT$4&"_"&$CM15,'Turkus Index'!$A:$D,4,FALSE)) -> 523 | CV15: =IF(ISERROR(VLOOKUP("Inbred HIPS_"&CV$4&"_"&$CM15,'Turkus Index'!$A:$D,4,FALSE)),"NA",VLOOKUP("Inbred HIPS_"&CV$4&"_"&$CM15,'Turkus Index'!$A:$D,4,FALSE)) -> 524 | CX15: =IF(ISERROR(VLOOKUP("Inbred HIPS_"&CX$4&"_"&$CM15,'Turkus Index'!$A:$D,4,FALSE)),"NA",VLOOKUP("Inbred HIPS_"&CX$4&"_"&$CM15,'Turkus Index'!$A:$D,4,FALSE)) -> 525 | CZ15: =IF(ISERROR(VLOOKUP("Inbred HIPS_"&CZ$4&"_"&$CM15,'Turkus Index'!$A:$D,4,FALSE)),"NA",VLOOKUP("Inbred HIPS_"&CZ$4&"_"&$CM15,'Turkus Index'!$A:$D,4,FALSE)) -> 526 | DB15: =IF(ISERROR(VLOOKUP("Inbred HIPS_"&DB$4&"_"&$CM15,'Turkus Index'!$A:$D,4,FALSE)),"NA",VLOOKUP("Inbred HIPS_"&DB$4&"_"&$CM15,'Turkus Index'!$A:$D,4,FALSE)) -> 527 | DD15: =IF(ISERROR(VLOOKUP("Inbred HIPS_"&DD$4&"_"&$CM15,'Turkus Index'!$A:$D,4,FALSE)),"NA",VLOOKUP("Inbred HIPS_"&DD$4&"_"&$CM15,'Turkus Index'!$A:$D,4,FALSE)) -> 528 | DF15: =IF(ISERROR(VLOOKUP("Inbred HIPS_"&DF$4&"_"&$CM15,'Turkus Index'!$A:$D,4,FALSE)),"NA",VLOOKUP("Inbred HIPS_"&DF$4&"_"&$CM15,'Turkus Index'!$A:$D,4,FALSE)) -> 529 | DH15: =IF(ISERROR(VLOOKUP("Inbred HIPS_"&DH$4&"_"&$CM15,'Turkus Index'!$A:$D,4,FALSE)),"NA",VLOOKUP("Inbred HIPS_"&DH$4&"_"&$CM15,'Turkus Index'!$A:$D,4,FALSE)) -> 530 | DJ15: =IF(ISERROR(VLOOKUP("Inbred HIPS_"&DJ$4&"_"&$CM15,'Turkus Index'!$A:$D,4,FALSE)),"NA",VLOOKUP("Inbred HIPS_"&DJ$4&"_"&$CM15,'Turkus Index'!$A:$D,4,FALSE)) -> NA
B16: 32 | C16: NA | G16: NA | K16: NA | O16: NA | S16: NA | W16: NA | AA16: NA | AE16: NA | AI16: NA | AM16: NA | AQ16: NA | AU16: NA | AY16: NA | BC16: NA | BG16: NA | BK16: NA | BO16: NA | BS16: NA | BW16: NA | CA16: =CA17+1 -> 129 | CE16: =CA16+1 -> 130 | CM16: 74 | CN16: =IF(ISERROR(VLOOKUP("Inbred HIPS_"&CN$4&"_"&$CM16,'Turkus Index'!$A:$D,4,FALSE)),"NA",VLOOKUP("Inbred HIPS_"&CN$4&"_"&$CM16,'Turkus Index'!$A:$D,4,FALSE)) -> NA | CP16: =IF(ISERROR(VLOOKUP("Inbred HIPS_"&CP$4&"_"&$CM16,'Turkus Index'!$A:$D,4,FALSE)),"NA",VLOOKUP("Inbred HIPS_"&CP$4&"_"&$CM16,'Turkus Index'!$A:$D,4,FALSE)) -> 520 | CR16: =IF(ISERROR(VLOOKUP("Inbred HIPS_"&CR$4&"_"&$CM16,'Turkus Index'!$A:$D,4,FALSE)),"NA",VLOOKUP("Inbred HIPS_"&CR$4&"_"&$CM16,'Turkus Index'!$A:$D,4,FALSE)) -> 519 | CT16: =IF(ISERROR(VLOOKUP("Inbred HIPS_"&CT$4&"_"&$CM16,'Turkus Index'!$A:$D,4,FALSE)),"NA",VLOOKUP("Inbred HIPS_"&CT$4&"_"&$CM16,'Turkus Index'!$A:$D,4,FALSE)) -> 518 | CV16: =IF(ISERROR(VLOOKUP("Inbred HIPS_"&CV$4&"_"&$CM16,'Turkus Index'!$A:$D,4,FALSE)),"NA",VLOOKUP("Inbred HIPS_"&CV$4&"_"&$CM16,'Turkus Index'!$A:$D,4,FALSE)) -> 517 | CX16: =IF(ISERROR(VLOOKUP("Inbred HIPS_"&CX$4&"_"&$CM16,'Turkus Index'!$A:$D,4,FALSE)),"NA",VLOOKUP("Inbred HIPS_"&CX$4&"_"&$CM16,'Turkus Index'!$A:$D,4,FALSE)) -> 516 | CZ16: =IF(ISERROR(VLOOKUP("Inbred HIPS_"&CZ$4&"_"&$CM16,'Turkus Index'!$A:$D,4,FALSE)),"NA",VLOOKUP("Inbred HIPS_"&CZ$4&"_"&$CM16,'Turkus Index'!$A:$D,4,FALSE)) -> 515 | DB16: =IF(ISERROR(VLOOKUP("Inbred HIPS_"&DB$4&"_"&$CM16,'Turkus Index'!$A:$D,4,FALSE)),"NA",VLOOKUP("Inbred HIPS_"&DB$4&"_"&$CM16,'Turkus Index'!$A:$D,4,FALSE)) -> 514 | DD16: =IF(ISERROR(VLOOKUP("Inbred HIPS_"&DD$4&"_"&$CM16,'Turkus Index'!$A:$D,4,FALSE)),"NA",VLOOKUP("Inbred HIPS_"&DD$4&"_"&$CM16,'Turkus Index'!$A:$D,4,FALSE)) -> 513 | DF16: =IF(ISERROR(VLOOKUP("Inbred HIPS_"&DF$4&"_"&$CM16,'Turkus Index'!$A:$D,4,FALSE)),"NA",VLOOKUP("Inbred HIPS_"&DF$4&"_"&$CM16,'Turkus Index'!$A:$D,4,FALSE)) -> 512 | DH16: =IF(ISERROR(VLOOKUP("Inbred HIPS_"&DH$4&"_"&$CM16,'Turkus Index'!$A:$D,4,FALSE)),"NA",VLOOKUP("Inbred HIPS_"&DH$4&"_"&$CM16,'Turkus Index'!$A:$D,4,FALSE)) -> 511 | DJ16: =IF(ISERROR(VLOOKUP("Inbred HIPS_"&DJ$4&"_"&$CM16,'Turkus Index'!$A:$D,4,FALSE)),"NA",VLOOKUP("Inbred HIPS_"&DJ$4&"_"&$CM16,'Turkus Index'!$A:$D,4,FALSE)) -> NA
B17: 31 | C17: NA | G17: NA | K17: NA | O17: NA | S17: NA | W17: NA | AA17: NA | AE17: NA | AI17: NA | AM17: NA | AQ17: NA | AU17: NA | AY17: NA | BC17: NA | BG17: NA | BK17: NA | BO17: NA | BS17: NA | BW17: NA | CA17: =CE17+1 -> 128 | CE17: =CE18+1 -> 127 | CM17: 73 | CN17: =IF(ISERROR(VLOOKUP("Inbred HIPS_"&CN$4&"_"&$CM17,'Turkus Index'!$A:$D,4,FALSE)),"NA",VLOOKUP("Inbred HIPS_"&CN$4&"_"&$CM17,'Turkus Index'!$A:$D,4,FALSE)) -> NA | CP17: =IF(ISERROR(VLOOKUP("Inbred HIPS_"&CP$4&"_"&$CM17,'Turkus Index'!$A:$D,4,FALSE)),"NA",VLOOKUP("Inbred HIPS_"&CP$4&"_"&$CM17,'Turkus Index'!$A:$D,4,FALSE)) -> 501 | CR17: =IF(ISERROR(VLOOKUP("Inbred HIPS_"&CR$4&"_"&$CM17,'Turkus Index'!$A:$D,4,FALSE)),"NA",VLOOKUP("Inbred HIPS_"&CR$4&"_"&$CM17,'Turkus Index'!$A:$D,4,FALSE)) -> 502 | CT17: =IF(ISERROR(VLOOKUP("Inbred HIPS_"&CT$4&"_"&$CM17,'Turkus Index'!$A:$D,4,FALSE)),"NA",VLOOKUP("Inbred HIPS_"&CT$4&"_"&$CM17,'Turkus Index'!$A:$D,4,FALSE)) -> 503 | CV17: =IF(ISERROR(VLOOKUP("Inbred HIPS_"&CV$4&"_"&$CM17,'Turkus Index'!$A:$D,4,FALSE)),"NA",VLOOKUP("Inbred HIPS_"&CV$4&"_"&$CM17,'Turkus Index'!$A:$D,4,FALSE)) -> 504 | CX17: =IF(ISERROR(VLOOKUP("Inbred HIPS_"&CX$4&"_"&$CM17,'Turkus Index'!$A:$D,4,FALSE)),"NA",VLOOKUP("Inbred HIPS_"&CX$4&"_"&$CM17,'Turkus Index'!$A:$D,4,FALSE)) -> 505 | CZ17: =IF(ISERROR(VLOOKUP("Inbred HIPS_"&CZ$4&"_"&$CM17,'Turkus Index'!$A:$D,4,FALSE)),"NA",VLOOKUP("Inbred HIPS_"&CZ$4&"_"&$CM17,'Turkus Index'!$A:$D,4,FALSE)) -> 506 | DB17: =IF(ISERROR(VLOOKUP("Inbred HIPS_"&DB$4&"_"&$CM17,'Turkus Index'!$A:$D,4,FALSE)),"NA",VLOOKUP("Inbred HIPS_"&DB$4&"_"&$CM17,'Turkus Index'!$A:$D,4,FALSE)) -> 507 | DD17: =IF(ISERROR(VLOOKUP("Inbred HIPS_"&DD$4&"_"&$CM17,'Turkus Index'!$A:$D,4,FALSE)),"NA",VLOOKUP("Inbred HIPS_"&DD$4&"_"&$CM17,'Turkus Index'!$A:$D,4,FALSE)) -> 508 | DF17: =IF(ISERROR(VLOOKUP("Inbred HIPS_"&DF$4&"_"&$CM17,'Turkus Index'!$A:$D,4,FALSE)),"NA",VLOOKUP("Inbred HIPS_"&DF$4&"_"&$CM17,'Turkus Index'!$A:$D,4,FALSE)) -> 509 | DH17: =IF(ISERROR(VLOOKUP("Inbred HIPS_"&DH$4&"_"&$CM17,'Turkus Index'!$A:$D,4,FALSE)),"NA",VLOOKUP("Inbred HIPS_"&DH$4&"_"&$CM17,'Turkus Index'!$A:$D,4,FALSE)) -> 510 | DJ17: =IF(ISERROR(VLOOKUP("Inbred HIPS_"&DJ$4&"_"&$CM17,'Turkus Index'!$A:$D,4,FALSE)),"NA",VLOOKUP("Inbred HIPS_"&DJ$4&"_"&$CM17,'Turkus Index'!$A:$D,4,FALSE)) -> NA
B18: 30 | C18: NA | G18: NA | K18: NA | O18: NA | S18: NA | W18: NA | AA18: NA | AE18: NA | AI18: NA | AM18: NA | AQ18: NA | AU18: NA | AY18: NA | BC18: NA | BG18: NA | BK18: NA | BO18: NA | BS18: NA | BW18: NA | CA18: =CA19+1 -> 125 | CE18: =CA18+1 -> 126 | CM18: 72 | CN18: =IF(ISERROR(VLOOKUP("Inbred HIPS_"&CN$4&"_"&$CM18,'Turkus Index'!$A:$D,4,FALSE)),"NA",VLOOKUP("Inbred HIPS_"&CN$4&"_"&$CM18,'Turkus Index'!$A:$D,4,FALSE)) -> NA | CP18: =IF(ISERROR(VLOOKUP("Inbred HIPS_"&CP$4&"_"&$CM18,'Turkus Index'!$A:$D,4,FALSE)),"NA",VLOOKUP("Inbred HIPS_"&CP$4&"_"&$CM18,'Turkus Index'!$A:$D,4,FALSE)) -> 500 | CR18: =IF(ISERROR(VLOOKUP("Inbred HIPS_"&CR$4&"_"&$CM18,'Turkus Index'!$A:$D,4,FALSE)),"NA",VLOOKUP("Inbred HIPS_"&CR$4&"_"&$CM18,'Turkus Index'!$A:$D,4,FALSE)) -> 499 | CT18: =IF(ISERROR(VLOOKUP("Inbred HIPS_"&CT$4&"_"&$CM18,'Turkus Index'!$A:$D,4,FALSE)),"NA",VLOOKUP("Inbred HIPS_"&CT$4&"_"&$CM18,'Turkus Index'!$A:$D,4,FALSE)) -> 498 | CV18: =IF(ISERROR(VLOOKUP("Inbred HIPS_"&CV$4&"_"&$CM18,'Turkus Index'!$A:$D,4,FALSE)),"NA",VLOOKUP("Inbred HIPS_"&CV$4&"_"&$CM18,'Turkus Index'!$A:$D,4,FALSE)) -> 497 | CX18: =IF(ISERROR(VLOOKUP("Inbred HIPS_"&CX$4&"_"&$CM18,'Turkus Index'!$A:$D,4,FALSE)),"NA",VLOOKUP("Inbred HIPS_"&CX$4&"_"&$CM18,'Turkus Index'!$A:$D,4,FALSE)) -> 496 | CZ18: =IF(ISERROR(VLOOKUP("Inbred HIPS_"&CZ$4&"_"&$CM18,'Turkus Index'!$A:$D,4,FALSE)),"NA",VLOOKUP("Inbred HIPS_"&CZ$4&"_"&$CM18,'Turkus Index'!$A:$D,4,FALSE)) -> 495 | DB18: =IF(ISERROR(VLOOKUP("Inbred HIPS_"&DB$4&"_"&$CM18,'Turkus Index'!$A:$D,4,FALSE)),"NA",VLOOKUP("Inbred HIPS_"&DB$4&"_"&$CM18,'Turkus Index'!$A:$D,4,FALSE)) -> 494 | DD18: =IF(ISERROR(VLOOKUP("Inbred HIPS_"&DD$4&"_"&$CM18,'Turkus Index'!$A:$D,4,FALSE)),"NA",VLOOKUP("Inbred HIPS_"&DD$4&"_"&$CM18,'Turkus Index'!$A:$D,4,FALSE)) -> 493 | DF18: =IF(ISERROR(VLOOKUP("Inbred HIPS_"&DF$4&"_"&$CM18,'Turkus Index'!$A:$D,4,FALSE)),"NA",VLOOKUP("Inbred HIPS_"&DF$4&"_"&$CM18,'Turkus Index'!$A:$D,4,FALSE)) -> 492 | DH18: =IF(ISERROR(VLOOKUP("Inbred HIPS_"&DH$4&"_"&$CM18,'Turkus Index'!$A:$D,4,FALSE)),"NA",VLOOKUP("Inbred HIPS_"&DH$4&"_"&$CM18,'Turkus Index'!$A:$D,4,FALSE)) -> 491 | DJ18: =IF(ISERROR(VLOOKUP("Inbred HIPS_"&DJ$4&"_"&$CM18,'Turkus Index'!$A:$D,4,FALSE)),"NA",VLOOKUP("Inbred HIPS_"&DJ$4&"_"&$CM18,'Turkus Index'!$A:$D,4,FALSE)) -> NA
B19: 29 | C19: NA | G19: NA | K19: NA | O19: NA | S19: NA | W19: NA | AA19: NA | AE19: NA | AI19: NA | AM19: NA | AQ19: NA | AU19: NA | AY19: NA | BC19: NA | BG19: NA | BK19: NA | BO19: NA | BS19: NA | BW19: NA | CA19: =CE19+1 -> 124 | CE19: =CE20+1 -> 123 | CM19: 71 | CN19: =IF(ISERROR(VLOOKUP("Inbred HIPS_"&CN$4&"_"&$CM19,'Turkus Index'!$A:$D,4,FALSE)),"NA",VLOOKUP("Inbred HIPS_"&CN$4&"_"&$CM19,'Turkus Index'!$A:$D,4,FALSE)) -> NA | CP19: =IF(ISERROR(VLOOKUP("Inbred HIPS_"&CP$4&"_"&$CM19,'Turkus Index'!$A:$D,4,FALSE)),"NA",VLOOKUP("Inbred HIPS_"&CP$4&"_"&$CM19,'Turkus Index'!$A:$D,4,FALSE)) -> 481 | CR19: =IF(ISERROR(VLOOKUP("Inbred HIPS_"&CR$4&"_"&$CM19,'Turkus Index'!$A:$D,4,FALSE)),"NA",VLOOKUP("Inbred HIPS_"&CR$4&"_"&$CM19,'Turkus Index'!$A:$D,4,FALSE)) -> 482 | CT19: =IF(ISERROR(VLOOKUP("Inbred HIPS_"&CT$4&"_"&$CM19,'Turkus Index'!$A:$D,4,FALSE)),"NA",VLOOKUP("Inbred HIPS_"&CT$4&"_"&$CM19,'Turkus Index'!$A:$D,4,FALSE)) -> 483 | CV19: =IF(ISERROR(VLOOKUP("Inbred HIPS_"&CV$4&"_"&$CM19,'Turkus Index'!$A:$D,4,FALSE)),"NA",VLOOKUP("Inbred HIPS_"&CV$4&"_"&$CM19,'Turkus Index'!$A:$D,4,FALSE)) -> 484 | CX19: =IF(ISERROR(VLOOKUP("Inbred HIPS_"&CX$4&"_"&$CM19,'Turkus Index'!$A:$D,4,FALSE)),"NA",VLOOKUP("Inbred HIPS_"&CX$4&"_"&$CM19,'Turkus Index'!$A:$D,4,FALSE)) -> 485 | CZ19: =IF(ISERROR(VLOOKUP("Inbred HIPS_"&CZ$4&"_"&$CM19,'Turkus Index'!$A:$D,4,FALSE)),"NA",VLOOKUP("Inbred HIPS_"&CZ$4&"_"&$CM19,'Turkus Index'!$A:$D,4,FALSE)) -> 486 | DB19: =IF(ISERROR(VLOOKUP("Inbred HIPS_"&DB$4&"_"&$CM19,'Turkus Index'!$A:$D,4,FALSE)),"NA",VLOOKUP("Inbred HIPS_"&DB$4&"_"&$CM19,'Turkus Index'!$A:$D,4,FALSE)) -> 487 | DD19: =IF(ISERROR(VLOOKUP("Inbred HIPS_"&DD$4&"_"&$CM19,'Turkus Index'!$A:$D,4,FALSE)),"NA",VLOOKUP("Inbred HIPS_"&DD$4&"_"&$CM19,'Turkus Index'!$A:$D,4,FALSE)) -> 488 | DF19: =IF(ISERROR(VLOOKUP("Inbred HIPS_"&DF$4&"_"&$CM19,'Turkus Index'!$A:$D,4,FALSE)),"NA",VLOOKUP("Inbred HIPS_"&DF$4&"_"&$CM19,'Turkus Index'!$A:$D,4,FALSE)) -> 489 | DH19: =IF(ISERROR(VLOOKUP("Inbred HIPS_"&DH$4&"_"&$CM19,'Turkus Index'!$A:$D,4,FALSE)),"NA",VLOOKUP("Inbred HIPS_"&DH$4&"_"&$CM19,'Turkus Index'!$A:$D,4,FALSE)) -> 490 | DJ19: =IF(ISERROR(VLOOKUP("Inbred HIPS_"&DJ$4&"_"&$CM19,'Turkus Index'!$A:$D,4,FALSE)),"NA",VLOOKUP("Inbred HIPS_"&DJ$4&"_"&$CM19,'Turkus Index'!$A:$D,4,FALSE)) -> NA
B20: 28 | C20: NA | G20: NA | K20: NA | O20: NA | S20: NA | W20: NA | AA20: NA | AE20: NA | AI20: NA | AM20: NA | AQ20: NA | AU20: NA | AY20: NA | BC20: NA | BG20: NA | BK20: NA | BO20: NA | BS20: NA | BW20: NA | CA20: =CA21+1 -> 121 | CE20: =CA20+1 -> 122 | CM20: 70 | CN20: =IF(ISERROR(VLOOKUP("Inbred HIPS_"&CN$4&"_"&$CM20,'Turkus Index'!$A:$D,4,FALSE)),"NA",VLOOKUP("Inbred HIPS_"&CN$4&"_"&$CM20,'Turkus Index'!$A:$D,4,FALSE)) -> NA | CP20: =IF(ISERROR(VLOOKUP("Inbred HIPS_"&CP$4&"_"&$CM20,'Turkus Index'!$A:$D,4,FALSE)),"NA",VLOOKUP("Inbred HIPS_"&CP$4&"_"&$CM20,'Turkus Index'!$A:$D,4,FALSE)) -> 480 | CR20: =IF(ISERROR(VLOOKUP("Inbred HIPS_"&CR$4&"_"&$CM20,'Turkus Index'!$A:$D,4,FALSE)),"NA",VLOOKUP("Inbred HIPS_"&CR$4&"_"&$CM20,'Turkus Index'!$A:$D,4,FALSE)) -> 479 | CT20: =IF(ISERROR(VLOOKUP("Inbred HIPS_"&CT$4&"_"&$CM20,'Turkus Index'!$A:$D,4,FALSE)),"NA",VLOOKUP("Inbred HIPS_"&CT$4&"_"&$CM20,'Turkus Index'!$A:$D,4,FALSE)) -> 478 | CV20: =IF(ISERROR(VLOOKUP("Inbred HIPS_"&CV$4&"_"&$CM20,'Turkus Index'!$A:$D,4,FALSE)),"NA",VLOOKUP("Inbred HIPS_"&CV$4&"_"&$CM20,'Turkus Index'!$A:$D,4,FALSE)) -> 477 | CX20: =IF(ISERROR(VLOOKUP("Inbred HIPS_"&CX$4&"_"&$CM20,'Turkus Index'!$A:$D,4,FALSE)),"NA",VLOOKUP("Inbred HIPS_"&CX$4&"_"&$CM20,'Turkus Index'!$A:$D,4,FALSE)) -> 476 | CZ20: =IF(ISERROR(VLOOKUP("Inbred HIPS_"&CZ$4&"_"&$CM20,'Turkus Index'!$A:$D,4,FALSE)),"NA",VLOOKUP("Inbred HIPS_"&CZ$4&"_"&$CM20,'Turkus Index'!$A:$D,4,FALSE)) -> 475 | DB20: =IF(ISERROR(VLOOKUP("Inbred HIPS_"&DB$4&"_"&$CM20,'Turkus Index'!$A:$D,4,FALSE)),"NA",VLOOKUP("Inbred HIPS_"&DB$4&"_"&$CM20,'Turkus Index'!$A:$D,4,FALSE)) -> 474 | DD20: =IF(ISERROR(VLOOKUP("Inbred HIPS_"&DD$4&"_"&$CM20,'Turkus Index'!$A:$D,4,FALSE)),"NA",VLOOKUP("Inbred HIPS_"&DD$4&"_"&$CM20,'Turkus Index'!$A:$D,4,FALSE)) -> 473 | DF20: =IF(ISERROR(VLOOKUP("Inbred HIPS_"&DF$4&"_"&$CM20,'Turkus Index'!$A:$D,4,FALSE)),"NA",VLOOKUP("Inbred HIPS_"&DF$4&"_"&$CM20,'Turkus Index'!$A:$D,4,FALSE)) -> 472 | DH20: =IF(ISERROR(VLOOKUP("Inbred HIPS_"&DH$4&"_"&$CM20,'Turkus Index'!$A:$D,4,FALSE)),"NA",VLOOKUP("Inbred HIPS_"&DH$4&"_"&$CM20,'Turkus Index'!$A:$D,4,FALSE)) -> 471 | DJ20: =IF(ISERROR(VLOOKUP("Inbred HIPS_"&DJ$4&"_"&$CM20,'Turkus Index'!$A:$D,4,FALSE)),"NA",VLOOKUP("Inbred HIPS_"&DJ$4&"_"&$CM20,'Turkus Index'!$A:$D,4,FALSE)) -> NA
B21: 27 | C21: NA | G21: NA | K21: NA | O21: NA | S21: NA | W21: NA | AA21: NA | AE21: NA | AI21: NA | AM21: NA | AQ21: NA | AU21: NA | AY21: NA | BC21: NA | BG21: NA | BK21: NA | BO21: NA | BS21: NA | BW21: NA | CA21: =CE21+1 -> 120 | CE21: =CE22+1 -> 119 | CM21: 69 | CN21: =IF(ISERROR(VLOOKUP("Inbred HIPS_"&CN$4&"_"&$CM21,'Turkus Index'!$A:$D,4,FALSE)),"NA",VLOOKUP("Inbred HIPS_"&CN$4&"_"&$CM21,'Turkus Index'!$A:$D,4,FALSE)) -> NA | CP21: =IF(ISERROR(VLOOKUP("Inbred HIPS_"&CP$4&"_"&$CM21,'Turkus Index'!$A:$D,4,FALSE)),"NA",VLOOKUP("Inbred HIPS_"&CP$4&"_"&$CM21,'Turkus Index'!$A:$D,4,FALSE)) -> 461 | CR21: =IF(ISERROR(VLOOKUP("Inbred HIPS_"&CR$4&"_"&$CM21,'Turkus Index'!$A:$D,4,FALSE)),"NA",VLOOKUP("Inbred HIPS_"&CR$4&"_"&$CM21,'Turkus Index'!$A:$D,4,FALSE)) -> 462 | CT21: =IF(ISERROR(VLOOKUP("Inbred HIPS_"&CT$4&"_"&$CM21,'Turkus Index'!$A:$D,4,FALSE)),"NA",VLOOKUP("Inbred HIPS_"&CT$4&"_"&$CM21,'Turkus Index'!$A:$D,4,FALSE)) -> 463 | CV21: =IF(ISERROR(VLOOKUP("Inbred HIPS_"&CV$4&"_"&$CM21,'Turkus Index'!$A:$D,4,FALSE)),"NA",VLOOKUP("Inbred HIPS_"&CV$4&"_"&$CM21,'Turkus Index'!$A:$D,4,FALSE)) -> 464 | CX21: =IF(ISERROR(VLOOKUP("Inbred HIPS_"&CX$4&"_"&$CM21,'Turkus Index'!$A:$D,4,FALSE)),"NA",VLOOKUP("Inbred HIPS_"&CX$4&"_"&$CM21,'Turkus Index'!$A:$D,4,FALSE)) -> 465 | CZ21: =IF(ISERROR(VLOOKUP("Inbred HIPS_"&CZ$4&"_"&$CM21,'Turkus Index'!$A:$D,4,FALSE)),"NA",VLOOKUP("Inbred HIPS_"&CZ$4&"_"&$CM21,'Turkus Index'!$A:$D,4,FALSE)) -> 466 | DB21: =IF(ISERROR(VLOOKUP("Inbred HIPS_"&DB$4&"_"&$CM21,'Turkus Index'!$A:$D,4,FALSE)),"NA",VLOOKUP("Inbred HIPS_"&DB$4&"_"&$CM21,'Turkus Index'!$A:$D,4,FALSE)) -> 467 | DD21: =IF(ISERROR(VLOOKUP("Inbred HIPS_"&DD$4&"_"&$CM21,'Turkus Index'!$A:$D,4,FALSE)),"NA",VLOOKUP("Inbred HIPS_"&DD$4&"_"&$CM21,'Turkus Index'!$A:$D,4,FALSE)) -> 468 | DF21: =IF(ISERROR(VLOOKUP("Inbred HIPS_"&DF$4&"_"&$CM21,'Turkus Index'!$A:$D,4,FALSE)),"NA",VLOOKUP("Inbred HIPS_"&DF$4&"_"&$CM21,'Turkus Index'!$A:$D,4,FALSE)) -> 469 | DH21: =IF(ISERROR(VLOOKUP("Inbred HIPS_"&DH$4&"_"&$CM21,'Turkus Index'!$A:$D,4,FALSE)),"NA",VLOOKUP("Inbred HIPS_"&DH$4&"_"&$CM21,'Turkus Index'!$A:$D,4,FALSE)) -> 470 | DJ21: =IF(ISERROR(VLOOKUP("Inbred HIPS_"&DJ$4&"_"&$CM21,'Turkus Index'!$A:$D,4,FALSE)),"NA",VLOOKUP("Inbred HIPS_"&DJ$4&"_"&$CM21,'Turkus Index'!$A:$D,4,FALSE)) -> NA
B22: 26 | C22: NA | G22: NA | K22: NA | O22: NA | S22: NA | W22: NA | AA22: NA | AE22: NA | AI22: NA | AM22: NA | AQ22: NA | AU22: NA | AY22: NA | BC22: NA | BG22: NA | BK22: NA | BO22: NA | BS22: NA | BW22: NA | CA22: =CA23+1 -> 117 | CE22: =CA22+1 -> 118 | CM22: 68 | CN22: =IF(ISERROR(VLOOKUP("Inbred HIPS_"&CN$4&"_"&$CM22,'Turkus Index'!$A:$D,4,FALSE)),"NA",VLOOKUP("Inbred HIPS_"&CN$4&"_"&$CM22,'Turkus Index'!$A:$D,4,FALSE)) -> NA | CP22: =IF(ISERROR(VLOOKUP("Inbred HIPS_"&CP$4&"_"&$CM22,'Turkus Index'!$A:$D,4,FALSE)),"NA",VLOOKUP("Inbred HIPS_"&CP$4&"_"&$CM22,'Turkus Index'!$A:$D,4,FALSE)) -> 460 | CR22: =IF(ISERROR(VLOOKUP("Inbred HIPS_"&CR$4&"_"&$CM22,'Turkus Index'!$A:$D,4,FALSE)),"NA",VLOOKUP("Inbred HIPS_"&CR$4&"_"&$CM22,'Turkus Index'!$A:$D,4,FALSE)) -> 459 | CT22: =IF(ISERROR(VLOOKUP("Inbred HIPS_"&CT$4&"_"&$CM22,'Turkus Index'!$A:$D,4,FALSE)),"NA",VLOOKUP("Inbred HIPS_"&CT$4&"_"&$CM22,'Turkus Index'!$A:$D,4,FALSE)) -> 458 | CV22: =IF(ISERROR(VLOOKUP("Inbred HIPS_"&CV$4&"_"&$CM22,'Turkus Index'!$A:$D,4,FALSE)),"NA",VLOOKUP("Inbred HIPS_"&CV$4&"_"&$CM22,'Turkus Index'!$A:$D,4,FALSE)) -> 457 | CX22: =IF(ISERROR(VLOOKUP("Inbred HIPS_"&CX$4&"_"&$CM22,'Turkus Index'!$A:$D,4,FALSE)),"NA",VLOOKUP("Inbred HIPS_"&CX$4&"_"&$CM22,'Turkus Index'!$A:$D,4,FALSE)) -> 456 | CZ22: =IF(ISERROR(VLOOKUP("Inbred HIPS_"&CZ$4&"_"&$CM22,'Turkus Index'!$A:$D,4,FALSE)),"NA",VLOOKUP("Inbred HIPS_"&CZ$4&"_"&$CM22,'Turkus Index'!$A:$D,4,FALSE)) -> 455 | DB22: =IF(ISERROR(VLOOKUP("Inbred HIPS_"&DB$4&"_"&$CM22,'Turkus Index'!$A:$D,4,FALSE)),"NA",VLOOKUP("Inbred HIPS_"&DB$4&"_"&$CM22,'Turkus Index'!$A:$D,4,FALSE)) -> 454 | DD22: =IF(ISERROR(VLOOKUP("Inbred HIPS_"&DD$4&"_"&$CM22,'Turkus Index'!$A:$D,4,FALSE)),"NA",VLOOKUP("Inbred HIPS_"&DD$4&"_"&$CM22,'Turkus Index'!$A:$D,4,FALSE)) -> 453 | DF22: =IF(ISERROR(VLOOKUP("Inbred HIPS_"&DF$4&"_"&$CM22,'Turkus Index'!$A:$D,4,FALSE)),"NA",VLOOKUP("Inbred HIPS_"&DF$4&"_"&$CM22,'Turkus Index'!$A:$D,4,FALSE)) -> 452 | DH22: =IF(ISERROR(VLOOKUP("Inbred HIPS_"&DH$4&"_"&$CM22,'Turkus Index'!$A:$D,4,FALSE)),"NA",VLOOKUP("Inbred HIPS_"&DH$4&"_"&$CM22,'Turkus Index'!$A:$D,4,FALSE)) -> 451 | DJ22: =IF(ISERROR(VLOOKUP("Inbred HIPS_"&DJ$4&"_"&$CM22,'Turkus Index'!$A:$D,4,FALSE)),"NA",VLOOKUP("Inbred HIPS_"&DJ$4&"_"&$CM22,'Turkus Index'!$A:$D,4,FALSE)) -> NA
B23: 25 | C23: NA | G23: NA | K23: NA | O23: NA | S23: NA | W23: NA | AA23: NA | AE23: NA | AI23: NA | AM23: NA | AQ23: NA | AU23: NA | AY23: NA | BC23: NA | BG23: NA | BK23: NA | BO23: NA | BS23: NA | BW23: NA | CA23: =CE23+1 -> 116 | CE23: =CE24+1 -> 115 | CM23: 67 | CN23: =IF(ISERROR(VLOOKUP("Inbred HIPS_"&CN$4&"_"&$CM23,'Turkus Index'!$A:$D,4,FALSE)),"NA",VLOOKUP("Inbred HIPS_"&CN$4&"_"&$CM23,'Turkus Index'!$A:$D,4,FALSE)) -> NA | CP23: =IF(ISERROR(VLOOKUP("Inbred HIPS_"&CP$4&"_"&$CM23,'Turkus Index'!$A:$D,4,FALSE)),"NA",VLOOKUP("Inbred HIPS_"&CP$4&"_"&$CM23,'Turkus Index'!$A:$D,4,FALSE)) -> 441 | CR23: =IF(ISERROR(VLOOKUP("Inbred HIPS_"&CR$4&"_"&$CM23,'Turkus Index'!$A:$D,4,FALSE)),"NA",VLOOKUP("Inbred HIPS_"&CR$4&"_"&$CM23,'Turkus Index'!$A:$D,4,FALSE)) -> 442 | CT23: =IF(ISERROR(VLOOKUP("Inbred HIPS_"&CT$4&"_"&$CM23,'Turkus Index'!$A:$D,4,FALSE)),"NA",VLOOKUP("Inbred HIPS_"&CT$4&"_"&$CM23,'Turkus Index'!$A:$D,4,FALSE)) -> 443 | CV23: =IF(ISERROR(VLOOKUP("Inbred HIPS_"&CV$4&"_"&$CM23,'Turkus Index'!$A:$D,4,FALSE)),"NA",VLOOKUP("Inbred HIPS_"&CV$4&"_"&$CM23,'Turkus Index'!$A:$D,4,FALSE)) -> 444 | CX23: =IF(ISERROR(VLOOKUP("Inbred HIPS_"&CX$4&"_"&$CM23,'Turkus Index'!$A:$D,4,FALSE)),"NA",VLOOKUP("Inbred HIPS_"&CX$4&"_"&$CM23,'Turkus Index'!$A:$D,4,FALSE)) -> 445 | CZ23: =IF(ISERROR(VLOOKUP("Inbred HIPS_"&CZ$4&"_"&$CM23,'Turkus Index'!$A:$D,4,FALSE)),"NA",VLOOKUP("Inbred HIPS_"&CZ$4&"_"&$CM23,'Turkus Index'!$A:$D,4,FALSE)) -> 446 | DB23: =IF(ISERROR(VLOOKUP("Inbred HIPS_"&DB$4&"_"&$CM23,'Turkus Index'!$A:$D,4,FALSE)),"NA",VLOOKUP("Inbred HIPS_"&DB$4&"_"&$CM23,'Turkus Index'!$A:$D,4,FALSE)) -> 447 | DD23: =IF(ISERROR(VLOOKUP("Inbred HIPS_"&DD$4&"_"&$CM23,'Turkus Index'!$A:$D,4,FALSE)),"NA",VLOOKUP("Inbred HIPS_"&DD$4&"_"&$CM23,'Turkus Index'!$A:$D,4,FALSE)) -> 448 | DF23: =IF(ISERROR(VLOOKUP("Inbred HIPS_"&DF$4&"_"&$CM23,'Turkus Index'!$A:$D,4,FALSE)),"NA",VLOOKUP("Inbred HIPS_"&DF$4&"_"&$CM23,'Turkus Index'!$A:$D,4,FALSE)) -> 449 | DH23: =IF(ISERROR(VLOOKUP("Inbred HIPS_"&DH$4&"_"&$CM23,'Turkus Index'!$A:$D,4,FALSE)),"NA",VLOOKUP("Inbred HIPS_"&DH$4&"_"&$CM23,'Turkus Index'!$A:$D,4,FALSE)) -> 450 | DJ23: =IF(ISERROR(VLOOKUP("Inbred HIPS_"&DJ$4&"_"&$CM23,'Turkus Index'!$A:$D,4,FALSE)),"NA",VLOOKUP("Inbred HIPS_"&DJ$4&"_"&$CM23,'Turkus Index'!$A:$D,4,FALSE)) -> NA
B24: 24 | C24: NA | G24: NA | K24: NA | O24: NA | S24: NA | W24: NA | AA24: NA | AE24: NA | AI24: NA | AM24: NA | AQ24: NA | AU24: NA | AY24: NA | BC24: NA | BG24: NA | BK24: NA | BO24: NA | BS24: NA | BW24: NA | CA24: =CA25+1 -> 113 | CE24: =CA24+1 -> 114 | CM24: 66 | CN24: =IF(ISERROR(VLOOKUP("Inbred HIPS_"&CN$4&"_"&$CM24,'Turkus Index'!$A:$D,4,FALSE)),"NA",VLOOKUP("Inbred HIPS_"&CN$4&"_"&$CM24,'Turkus Index'!$A:$D,4,FALSE)) -> NA | CP24: =IF(ISERROR(VLOOKUP("Inbred HIPS_"&CP$4&"_"&$CM24,'Turkus Index'!$A:$D,4,FALSE)),"NA",VLOOKUP("Inbred HIPS_"&CP$4&"_"&$CM24,'Turkus Index'!$A:$D,4,FALSE)) -> 440 | CR24: =IF(ISERROR(VLOOKUP("Inbred HIPS_"&CR$4&"_"&$CM24,'Turkus Index'!$A:$D,4,FALSE)),"NA",VLOOKUP("Inbred HIPS_"&CR$4&"_"&$CM24,'Turkus Index'!$A:$D,4,FALSE)) -> 439 | CT24: =IF(ISERROR(VLOOKUP("Inbred HIPS_"&CT$4&"_"&$CM24,'Turkus Index'!$A:$D,4,FALSE)),"NA",VLOOKUP("Inbred HIPS_"&CT$4&"_"&$CM24,'Turkus Index'!$A:$D,4,FALSE)) -> 438 | CV24: =IF(ISERROR(VLOOKUP("Inbred HIPS_"&CV$4&"_"&$CM24,'Turkus Index'!$A:$D,4,FALSE)),"NA",VLOOKUP("Inbred HIPS_"&CV$4&"_"&$CM24,'Turkus Index'!$A:$D,4,FALSE)) -> 437 | CX24: =IF(ISERROR(VLOOKUP("Inbred HIPS_"&CX$4&"_"&$CM24,'Turkus Index'!$A:$D,4,FALSE)),"NA",VLOOKUP("Inbred HIPS_"&CX$4&"_"&$CM24,'Turkus Index'!$A:$D,4,FALSE)) -> 436 | CZ24: =IF(ISERROR(VLOOKUP("Inbred HIPS_"&CZ$4&"_"&$CM24,'Turkus Index'!$A:$D,4,FALSE)),"NA",VLOOKUP("Inbred HIPS_"&CZ$4&"_"&$CM24,'Turkus Index'!$A:$D,4,FALSE)) -> 435 | DB24: =IF(ISERROR(VLOOKUP("Inbred HIPS_"&DB$4&"_"&$CM24,'Turkus Index'!$A:$D,4,FALSE)),"NA",VLOOKUP("Inbred HIPS_"&DB$4&"_"&$CM24,'Turkus Index'!$A:$D,4,FALSE)) -> 434 | DD24: =IF(ISERROR(VLOOKUP("Inbred HIPS_"&DD$4&"_"&$CM24,'Turkus Index'!$A:$D,4,FALSE)),"NA",VLOOKUP("Inbred HIPS_"&DD$4&"_"&$CM24,'Turkus Index'!$A:$D,4,FALSE)) -> 433 | DF24: =IF(ISERROR(VLOOKUP("Inbred HIPS_"&DF$4&"_"&$CM24,'Turkus Index'!$A:$D,4,FALSE)),"NA",VLOOKUP("Inbred HIPS_"&DF$4&"_"&$CM24,'Turkus Index'!$A:$D,4,FALSE)) -> 432 | DH24: =IF(ISERROR(VLOOKUP("Inbred HIPS_"&DH$4&"_"&$CM24,'Turkus Index'!$A:$D,4,FALSE)),"NA",VLOOKUP("Inbred HIPS_"&DH$4&"_"&$CM24,'Turkus Index'!$A:$D,4,FALSE)) -> 431 | DJ24: =IF(ISERROR(VLOOKUP("Inbred HIPS_"&DJ$4&"_"&$CM24,'Turkus Index'!$A:$D,4,FALSE)),"NA",VLOOKUP("Inbred HIPS_"&DJ$4&"_"&$CM24,'Turkus Index'!$A:$D,4,FALSE)) -> NA
B25: 23 | C25: NA | G25: NA | K25: NA | O25: NA | S25: NA | W25: NA | AA25: NA | AE25: NA | AI25: NA | AM25: NA | AQ25: NA | AU25: NA | AY25: NA | BC25: NA | BG25: NA | BK25: NA | BO25: NA | BS25: NA | BW25: NA | CA25: =CE25+1 -> 112 | CE25: =CE26+1 -> 111 | CM25: 65 | CN25: =IF(ISERROR(VLOOKUP("Inbred HIPS_"&CN$4&"_"&$CM25,'Turkus Index'!$A:$D,4,FALSE)),"NA",VLOOKUP("Inbred HIPS_"&CN$4&"_"&$CM25,'Turkus Index'!$A:$D,4,FALSE)) -> NA | CP25: =IF(ISERROR(VLOOKUP("Inbred HIPS_"&CP$4&"_"&$CM25,'Turkus Index'!$A:$D,4,FALSE)),"NA",VLOOKUP("Inbred HIPS_"&CP$4&"_"&$CM25,'Turkus Index'!$A:$D,4,FALSE)) -> 421 | CR25: =IF(ISERROR(VLOOKUP("Inbred HIPS_"&CR$4&"_"&$CM25,'Turkus Index'!$A:$D,4,FALSE)),"NA",VLOOKUP("Inbred HIPS_"&CR$4&"_"&$CM25,'Turkus Index'!$A:$D,4,FALSE)) -> 422 | CT25: =IF(ISERROR(VLOOKUP("Inbred HIPS_"&CT$4&"_"&$CM25,'Turkus Index'!$A:$D,4,FALSE)),"NA",VLOOKUP("Inbred HIPS_"&CT$4&"_"&$CM25,'Turkus Index'!$A:$D,4,FALSE)) -> 423 | CV25: =IF(ISERROR(VLOOKUP("Inbred HIPS_"&CV$4&"_"&$CM25,'Turkus Index'!$A:$D,4,FALSE)),"NA",VLOOKUP("Inbred HIPS_"&CV$4&"_"&$CM25,'Turkus Index'!$A:$D,4,FALSE)) -> 424 | CX25: =IF(ISERROR(VLOOKUP("Inbred HIPS_"&CX$4&"_"&$CM25,'Turkus Index'!$A:$D,4,FALSE)),"NA",VLOOKUP("Inbred HIPS_"&CX$4&"_"&$CM25,'Turkus Index'!$A:$D,4,FALSE)) -> 425 | CZ25: =IF(ISERROR(VLOOKUP("Inbred HIPS_"&CZ$4&"_"&$CM25,'Turkus Index'!$A:$D,4,FALSE)),"NA",VLOOKUP("Inbred HIPS_"&CZ$4&"_"&$CM25,'Turkus Index'!$A:$D,4,FALSE)) -> 426 | DB25: =IF(ISERROR(VLOOKUP("Inbred HIPS_"&DB$4&"_"&$CM25,'Turkus Index'!$A:$D,4,FALSE)),"NA",VLOOKUP("Inbred HIPS_"&DB$4&"_"&$CM25,'Turkus Index'!$A:$D,4,FALSE)) -> 427 | DD25: =IF(ISERROR(VLOOKUP("Inbred HIPS_"&DD$4&"_"&$CM25,'Turkus Index'!$A:$D,4,FALSE)),"NA",VLOOKUP("Inbred HIPS_"&DD$4&"_"&$CM25,'Turkus Index'!$A:$D,4,FALSE)) -> 428 | DF25: =IF(ISERROR(VLOOKUP("Inbred HIPS_"&DF$4&"_"&$CM25,'Turkus Index'!$A:$D,4,FALSE)),"NA",VLOOKUP("Inbred HIPS_"&DF$4&"_"&$CM25,'Turkus Index'!$A:$D,4,FALSE)) -> 429 | DH25: =IF(ISERROR(VLOOKUP("Inbred HIPS_"&DH$4&"_"&$CM25,'Turkus Index'!$A:$D,4,FALSE)),"NA",VLOOKUP("Inbred HIPS_"&DH$4&"_"&$CM25,'Turkus Index'!$A:$D,4,FALSE)) -> 430 | DJ25: =IF(ISERROR(VLOOKUP("Inbred HIPS_"&DJ$4&"_"&$CM25,'Turkus Index'!$A:$D,4,FALSE)),"NA",VLOOKUP("Inbred HIPS_"&DJ$4&"_"&$CM25,'Turkus Index'!$A:$D,4,FALSE)) -> NA
B26: 22 | C26: NA | G26: NA | K26: NA | O26: NA | S26: NA | W26: NA | AA26: NA | AE26: NA | AI26: NA | AM26: NA | AQ26: NA | AU26: NA | AY26: NA | BC26: NA | BG26: NA | BK26: NA | BO26: NA | BS26: NA | BW26: NA | CA26: =CA27+1 -> 109 | CE26: =CA26+1 -> 110 | CM26: 64 | CN26: =IF(ISERROR(VLOOKUP("Inbred HIPS_"&CN$4&"_"&$CM26,'Turkus Index'!$A:$D,4,FALSE)),"NA",VLOOKUP("Inbred HIPS_"&CN$4&"_"&$CM26,'Turkus Index'!$A:$D,4,FALSE)) -> NA | CP26: =IF(ISERROR(VLOOKUP("Inbred HIPS_"&CP$4&"_"&$CM26,'Turkus Index'!$A:$D,4,FALSE)),"NA",VLOOKUP("Inbred HIPS_"&CP$4&"_"&$CM26,'Turkus Index'!$A:$D,4,FALSE)) -> 420 | CR26: =IF(ISERROR(VLOOKUP("Inbred HIPS_"&CR$4&"_"&$CM26,'Turkus Index'!$A:$D,4,FALSE)),"NA",VLOOKUP("Inbred HIPS_"&CR$4&"_"&$CM26,'Turkus Index'!$A:$D,4,FALSE)) -> 419 | CT26: =IF(ISERROR(VLOOKUP("Inbred HIPS_"&CT$4&"_"&$CM26,'Turkus Index'!$A:$D,4,FALSE)),"NA",VLOOKUP("Inbred HIPS_"&CT$4&"_"&$CM26,'Turkus Index'!$A:$D,4,FALSE)) -> 418 | CV26: =IF(ISERROR(VLOOKUP("Inbred HIPS_"&CV$4&"_"&$CM26,'Turkus Index'!$A:$D,4,FALSE)),"NA",VLOOKUP("Inbred HIPS_"&CV$4&"_"&$CM26,'Turkus Index'!$A:$D,4,FALSE)) -> 417 | CX26: =IF(ISERROR(VLOOKUP("Inbred HIPS_"&CX$4&"_"&$CM26,'Turkus Index'!$A:$D,4,FALSE)),"NA",VLOOKUP("Inbred HIPS_"&CX$4&"_"&$CM26,'Turkus Index'!$A:$D,4,FALSE)) -> 416 | CZ26: =IF(ISERROR(VLOOKUP("Inbred HIPS_"&CZ$4&"_"&$CM26,'Turkus Index'!$A:$D,4,FALSE)),"NA",VLOOKUP("Inbred HIPS_"&CZ$4&"_"&$CM26,'Turkus Index'!$A:$D,4,FALSE)) -> 415 | DB26: =IF(ISERROR(VLOOKUP("Inbred HIPS_"&DB$4&"_"&$CM26,'Turkus Index'!$A:$D,4,FALSE)),"NA",VLOOKUP("Inbred HIPS_"&DB$4&"_"&$CM26,'Turkus Index'!$A:$D,4,FALSE)) -> 414 | DD26: =IF(ISERROR(VLOOKUP("Inbred HIPS_"&DD$4&"_"&$CM26,'Turkus Index'!$A:$D,4,FALSE)),"NA",VLOOKUP("Inbred HIPS_"&DD$4&"_"&$CM26,'Turkus Index'!$A:$D,4,FALSE)) -> 413 | DF26: =IF(ISERROR(VLOOKUP("Inbred HIPS_"&DF$4&"_"&$CM26,'Turkus Index'!$A:$D,4,FALSE)),"NA",VLOOKUP("Inbred HIPS_"&DF$4&"_"&$CM26,'Turkus Index'!$A:$D,4,FALSE)) -> 412 | DH26: =IF(ISERROR(VLOOKUP("Inbred HIPS_"&DH$4&"_"&$CM26,'Turkus Index'!$A:$D,4,FALSE)),"NA",VLOOKUP("Inbred HIPS_"&DH$4&"_"&$CM26,'Turkus Index'!$A:$D,4,FALSE)) -> 411 | DJ26: =IF(ISERROR(VLOOKUP("Inbred HIPS_"&DJ$4&"_"&$CM26,'Turkus Index'!$A:$D,4,FALSE)),"NA",VLOOKUP("Inbred HIPS_"&DJ$4&"_"&$CM26,'Turkus Index'!$A:$D,4,FALSE)) -> NA
B27: 21 | C27: NA | G27: NA | K27: NA | O27: NA | S27: NA | W27: NA | AA27: NA | AE27: NA | AI27: NA | AM27: NA | AQ27: NA | AU27: NA | AY27: NA | BC27: NA | BG27: NA | BK27: NA | BO27: NA | BS27: NA | BW27: NA | CA27: =CE27+1 -> 108 | CE27: =CE28+1 -> 107 | CM27: 63 | CN27: =IF(ISERROR(VLOOKUP("Inbred HIPS_"&CN$4&"_"&$CM27,'Turkus Index'!$A:$D,4,FALSE)),"NA",VLOOKUP("Inbred HIPS_"&CN$4&"_"&$CM27,'Turkus Index'!$A:$D,4,FALSE)) -> NA | CP27: =IF(ISERROR(VLOOKUP("Inbred HIPS_"&CP$4&"_"&$CM27,'Turkus Index'!$A:$D,4,FALSE)),"NA",VLOOKUP("Inbred HIPS_"&CP$4&"_"&$CM27,'Turkus Index'!$A:$D,4,FALSE)) -> 401 | CR27: =IF(ISERROR(VLOOKUP("Inbred HIPS_"&CR$4&"_"&$CM27,'Turkus Index'!$A:$D,4,FALSE)),"NA",VLOOKUP("Inbred HIPS_"&CR$4&"_"&$CM27,'Turkus Index'!$A:$D,4,FALSE)) -> 402 | CT27: =IF(ISERROR(VLOOKUP("Inbred HIPS_"&CT$4&"_"&$CM27,'Turkus Index'!$A:$D,4,FALSE)),"NA",VLOOKUP("Inbred HIPS_"&CT$4&"_"&$CM27,'Turkus Index'!$A:$D,4,FALSE)) -> 403 | CV27: =IF(ISERROR(VLOOKUP("Inbred HIPS_"&CV$4&"_"&$CM27,'Turkus Index'!$A:$D,4,FALSE)),"NA",VLOOKUP("Inbred HIPS_"&CV$4&"_"&$CM27,'Turkus Index'!$A:$D,4,FALSE)) -> 404 | CX27: =IF(ISERROR(VLOOKUP("Inbred HIPS_"&CX$4&"_"&$CM27,'Turkus Index'!$A:$D,4,FALSE)),"NA",VLOOKUP("Inbred HIPS_"&CX$4&"_"&$CM27,'Turkus Index'!$A:$D,4,FALSE)) -> 405 | CZ27: =IF(ISERROR(VLOOKUP("Inbred HIPS_"&CZ$4&"_"&$CM27,'Turkus Index'!$A:$D,4,FALSE)),"NA",VLOOKUP("Inbred HIPS_"&CZ$4&"_"&$CM27,'Turkus Index'!$A:$D,4,FALSE)) -> 406 | DB27: =IF(ISERROR(VLOOKUP("Inbred HIPS_"&DB$4&"_"&$CM27,'Turkus Index'!$A:$D,4,FALSE)),"NA",VLOOKUP("Inbred HIPS_"&DB$4&"_"&$CM27,'Turkus Index'!$A:$D,4,FALSE)) -> 407 | DD27: =IF(ISERROR(VLOOKUP("Inbred HIPS_"&DD$4&"_"&$CM27,'Turkus Index'!$A:$D,4,FALSE)),"NA",VLOOKUP("Inbred HIPS_"&DD$4&"_"&$CM27,'Turkus Index'!$A:$D,4,FALSE)) -> 408 | DF27: =IF(ISERROR(VLOOKUP("Inbred HIPS_"&DF$4&"_"&$CM27,'Turkus Index'!$A:$D,4,FALSE)),"NA",VLOOKUP("Inbred HIPS_"&DF$4&"_"&$CM27,'Turkus Index'!$A:$D,4,FALSE)) -> 409 | DH27: =IF(ISERROR(VLOOKUP("Inbred HIPS_"&DH$4&"_"&$CM27,'Turkus Index'!$A:$D,4,FALSE)),"NA",VLOOKUP("Inbred HIPS_"&DH$4&"_"&$CM27,'Turkus Index'!$A:$D,4,FALSE)) -> 410 | DJ27: =IF(ISERROR(VLOOKUP("Inbred HIPS_"&DJ$4&"_"&$CM27,'Turkus Index'!$A:$D,4,FALSE)),"NA",VLOOKUP("Inbred HIPS_"&DJ$4&"_"&$CM27,'Turkus Index'!$A:$D,4,FALSE)) -> NA
B28: 20 | C28: NA | G28: NA | K28: NA | O28: NA | S28: NA | W28: NA | AA28: NA | AE28: NA | AI28: NA | AM28: NA | AQ28: NA | AU28: NA | AY28: NA | BC28: NA | BG28: NA | BK28: NA | BO28: NA | BS28: NA | BW28: NA | CA28: =CA29+1 -> 105 | CE28: =CA28+1 -> 106 | CM28: 62 | CN28: =IF(ISERROR(VLOOKUP("Inbred HIPS_"&CN$4&"_"&$CM28,'Turkus Index'!$A:$D,4,FALSE)),"NA",VLOOKUP("Inbred HIPS_"&CN$4&"_"&$CM28,'Turkus Index'!$A:$D,4,FALSE)) -> NA | CP28: =IF(ISERROR(VLOOKUP("Inbred HIPS_"&CP$4&"_"&$CM28,'Turkus Index'!$A:$D,4,FALSE)),"NA",VLOOKUP("Inbred HIPS_"&CP$4&"_"&$CM28,'Turkus Index'!$A:$D,4,FALSE)) -> 400 | CR28: =IF(ISERROR(VLOOKUP("Inbred HIPS_"&CR$4&"_"&$CM28,'Turkus Index'!$A:$D,4,FALSE)),"NA",VLOOKUP("Inbred HIPS_"&CR$4&"_"&$CM28,'Turkus Index'!$A:$D,4,FALSE)) -> 399 | CT28: =IF(ISERROR(VLOOKUP("Inbred HIPS_"&CT$4&"_"&$CM28,'Turkus Index'!$A:$D,4,FALSE)),"NA",VLOOKUP("Inbred HIPS_"&CT$4&"_"&$CM28,'Turkus Index'!$A:$D,4,FALSE)) -> 398 | CV28: =IF(ISERROR(VLOOKUP("Inbred HIPS_"&CV$4&"_"&$CM28,'Turkus Index'!$A:$D,4,FALSE)),"NA",VLOOKUP("Inbred HIPS_"&CV$4&"_"&$CM28,'Turkus Index'!$A:$D,4,FALSE)) -> 397 | CX28: =IF(ISERROR(VLOOKUP("Inbred HIPS_"&CX$4&"_"&$CM28,'Turkus Index'!$A:$D,4,FALSE)),"NA",VLOOKUP("Inbred HIPS_"&CX$4&"_"&$CM28,'Turkus Index'!$A:$D,4,FALSE)) -> 396 | CZ28: =IF(ISERROR(VLOOKUP("Inbred HIPS_"&CZ$4&"_"&$CM28,'Turkus Index'!$A:$D,4,FALSE)),"NA",VLOOKUP("Inbred HIPS_"&CZ$4&"_"&$CM28,'Turkus Index'!$A:$D,4,FALSE)) -> 395 | DB28: =IF(ISERROR(VLOOKUP("Inbred HIPS_"&DB$4&"_"&$CM28,'Turkus Index'!$A:$D,4,FALSE)),"NA",VLOOKUP("Inbred HIPS_"&DB$4&"_"&$CM28,'Turkus Index'!$A:$D,4,FALSE)) -> 394 | DD28: =IF(ISERROR(VLOOKUP("Inbred HIPS_"&DD$4&"_"&$CM28,'Turkus Index'!$A:$D,4,FALSE)),"NA",VLOOKUP("Inbred HIPS_"&DD$4&"_"&$CM28,'Turkus Index'!$A:$D,4,FALSE)) -> 393 | DF28: =IF(ISERROR(VLOOKUP("Inbred HIPS_"&DF$4&"_"&$CM28,'Turkus Index'!$A:$D,4,FALSE)),"NA",VLOOKUP("Inbred HIPS_"&DF$4&"_"&$CM28,'Turkus Index'!$A:$D,4,FALSE)) -> 392 | DH28: =IF(ISERROR(VLOOKUP("Inbred HIPS_"&DH$4&"_"&$CM28,'Turkus Index'!$A:$D,4,FALSE)),"NA",VLOOKUP("Inbred HIPS_"&DH$4&"_"&$CM28,'Turkus Index'!$A:$D,4,FALSE)) -> 391 | DJ28: =IF(ISERROR(VLOOKUP("Inbred HIPS_"&DJ$4&"_"&$CM28,'Turkus Index'!$A:$D,4,FALSE)),"NA",VLOOKUP("Inbred HIPS_"&DJ$4&"_"&$CM28,'Turkus Index'!$A:$D,4,FALSE)) -> NA
B29: 19 | C29: NA | G29: NA | K29: NA | O29: NA | S29: NA | W29: NA | AA29: NA | AE29: NA | AI29: NA | AM29: NA | AQ29: NA | AU29: NA | AY29: NA | BC29: NA | BG29: NA | BK29: NA | BO29: NA | BS29: NA | BW29: NA | CA29: =CE29+1 -> 104 | CE29: =CE30+1 -> 103 | CM29: 61 | CN29: =IF(ISERROR(VLOOKUP("Inbred HIPS_"&CN$4&"_"&$CM29,'Turkus Index'!$A:$D,4,FALSE)),"NA",VLOOKUP("Inbred HIPS_"&CN$4&"_"&$CM29,'Turkus Index'!$A:$D,4,FALSE)) -> NA | CP29: =IF(ISERROR(VLOOKUP("Inbred HIPS_"&CP$4&"_"&$CM29,'Turkus Index'!$A:$D,4,FALSE)),"NA",VLOOKUP("Inbred HIPS_"&CP$4&"_"&$CM29,'Turkus Index'!$A:$D,4,FALSE)) -> 381 | CR29: =IF(ISERROR(VLOOKUP("Inbred HIPS_"&CR$4&"_"&$CM29,'Turkus Index'!$A:$D,4,FALSE)),"NA",VLOOKUP("Inbred HIPS_"&CR$4&"_"&$CM29,'Turkus Index'!$A:$D,4,FALSE)) -> 382 | CT29: =IF(ISERROR(VLOOKUP("Inbred HIPS_"&CT$4&"_"&$CM29,'Turkus Index'!$A:$D,4,FALSE)),"NA",VLOOKUP("Inbred HIPS_"&CT$4&"_"&$CM29,'Turkus Index'!$A:$D,4,FALSE)) -> 383 | CV29: =IF(ISERROR(VLOOKUP("Inbred HIPS_"&CV$4&"_"&$CM29,'Turkus Index'!$A:$D,4,FALSE)),"NA",VLOOKUP("Inbred HIPS_"&CV$4&"_"&$CM29,'Turkus Index'!$A:$D,4,FALSE)) -> 384 | CX29: =IF(ISERROR(VLOOKUP("Inbred HIPS_"&CX$4&"_"&$CM29,'Turkus Index'!$A:$D,4,FALSE)),"NA",VLOOKUP("Inbred HIPS_"&CX$4&"_"&$CM29,'Turkus Index'!$A:$D,4,FALSE)) -> 385 | CZ29: =IF(ISERROR(VLOOKUP("Inbred HIPS_"&CZ$4&"_"&$CM29,'Turkus Index'!$A:$D,4,FALSE)),"NA",VLOOKUP("Inbred HIPS_"&CZ$4&"_"&$CM29,'Turkus Index'!$A:$D,4,FALSE)) -> 386 | DB29: =IF(ISERROR(VLOOKUP("Inbred HIPS_"&DB$4&"_"&$CM29,'Turkus Index'!$A:$D,4,FALSE)),"NA",VLOOKUP("Inbred HIPS_"&DB$4&"_"&$CM29,'Turkus Index'!$A:$D,4,FALSE)) -> 387 | DD29: =IF(ISERROR(VLOOKUP("Inbred HIPS_"&DD$4&"_"&$CM29,'Turkus Index'!$A:$D,4,FALSE)),"NA",VLOOKUP("Inbred HIPS_"&DD$4&"_"&$CM29,'Turkus Index'!$A:$D,4,FALSE)) -> 388 | DF29: =IF(ISERROR(VLOOKUP("Inbred HIPS_"&DF$4&"_"&$CM29,'Turkus Index'!$A:$D,4,FALSE)),"NA",VLOOKUP("Inbred HIPS_"&DF$4&"_"&$CM29,'Turkus Index'!$A:$D,4,FALSE)) -> 389 | DH29: =IF(ISERROR(VLOOKUP("Inbred HIPS_"&DH$4&"_"&$CM29,'Turkus Index'!$A:$D,4,FALSE)),"NA",VLOOKUP("Inbred HIPS_"&DH$4&"_"&$CM29,'Turkus Index'!$A:$D,4,FALSE)) -> 390 | DJ29: =IF(ISERROR(VLOOKUP("Inbred HIPS_"&DJ$4&"_"&$CM29,'Turkus Index'!$A:$D,4,FALSE)),"NA",VLOOKUP("Inbred HIPS_"&DJ$4&"_"&$CM29,'Turkus Index'!$A:$D,4,FALSE)) -> NA
B30: 18 | C30: NA | G30: NA | K30: NA | O30: NA | S30: NA | W30: NA | AA30: NA | AE30: NA | AI30: NA | AM30: NA | AQ30: NA | AU30: NA | AY30: NA | BC30: NA | BG30: NA | BK30: NA | BO30: NA | BS30: NA | BW30: NA | CA30: 101 | CE30: 102 | CM30: 60 | CN30: =IF(ISERROR(VLOOKUP("Inbred HIPS_"&CN$4&"_"&$CM30,'Turkus Index'!$A:$D,4,FALSE)),"NA",VLOOKUP("Inbred HIPS_"&CN$4&"_"&$CM30,'Turkus Index'!$A:$D,4,FALSE)) -> NA | CP30: =IF(ISERROR(VLOOKUP("Inbred HIPS_"&CP$4&"_"&$CM30,'Turkus Index'!$A:$D,4,FALSE)),"NA",VLOOKUP("Inbred HIPS_"&CP$4&"_"&$CM30,'Turkus Index'!$A:$D,4,FALSE)) -> 380 | CR30: =IF(ISERROR(VLOOKUP("Inbred HIPS_"&CR$4&"_"&$CM30,'Turkus Index'!$A:$D,4,FALSE)),"NA",VLOOKUP("Inbred HIPS_"&CR$4&"_"&$CM30,'Turkus Index'!$A:$D,4,FALSE)) -> 379 | CT30: =IF(ISERROR(VLOOKUP("Inbred HIPS_"&CT$4&"_"&$CM30,'Turkus Index'!$A:$D,4,FALSE)),"NA",VLOOKUP("Inbred HIPS_"&CT$4&"_"&$CM30,'Turkus Index'!$A:$D,4,FALSE)) -> 378 | CV30: =IF(ISERROR(VLOOKUP("Inbred HIPS_"&CV$4&"_"&$CM30,'Turkus Index'!$A:$D,4,FALSE)),"NA",VLOOKUP("Inbred HIPS_"&CV$4&"_"&$CM30,'Turkus Index'!$A:$D,4,FALSE)) -> 377 | CX30: =IF(ISERROR(VLOOKUP("Inbred HIPS_"&CX$4&"_"&$CM30,'Turkus Index'!$A:$D,4,FALSE)),"NA",VLOOKUP("Inbred HIPS_"&CX$4&"_"&$CM30,'Turkus Index'!$A:$D,4,FALSE)) -> 376 | CZ30: =IF(ISERROR(VLOOKUP("Inbred HIPS_"&CZ$4&"_"&$CM30,'Turkus Index'!$A:$D,4,FALSE)),"NA",VLOOKUP("Inbred HIPS_"&CZ$4&"_"&$CM30,'Turkus Index'!$A:$D,4,FALSE)) -> 375 | DB30: =IF(ISERROR(VLOOKUP("Inbred HIPS_"&DB$4&"_"&$CM30,'Turkus Index'!$A:$D,4,FALSE)),"NA",VLOOKUP("Inbred HIPS_"&DB$4&"_"&$CM30,'Turkus Index'!$A:$D,4,FALSE)) -> 374 | DD30: =IF(ISERROR(VLOOKUP("Inbred HIPS_"&DD$4&"_"&$CM30,'Turkus Index'!$A:$D,4,FALSE)),"NA",VLOOKUP("Inbred HIPS_"&DD$4&"_"&$CM30,'Turkus Index'!$A:$D,4,FALSE)) -> 373 | DF30: =IF(ISERROR(VLOOKUP("Inbred HIPS_"&DF$4&"_"&$CM30,'Turkus Index'!$A:$D,4,FALSE)),"NA",VLOOKUP("Inbred HIPS_"&DF$4&"_"&$CM30,'Turkus Index'!$A:$D,4,FALSE)) -> 372 | DH30: =IF(ISERROR(VLOOKUP("Inbred HIPS_"&DH$4&"_"&$CM30,'Turkus Index'!$A:$D,4,FALSE)),"NA",VLOOKUP("Inbred HIPS_"&DH$4&"_"&$CM30,'Turkus Index'!$A:$D,4,FALSE)) -> 371 | DJ30: =IF(ISERROR(VLOOKUP("Inbred HIPS_"&DJ$4&"_"&$CM30,'Turkus Index'!$A:$D,4,FALSE)),"NA",VLOOKUP("Inbred HIPS_"&DJ$4&"_"&$CM30,'Turkus Index'!$A:$D,4,FALSE)) -> NA
B31: 17 | C31: NA | G31: =G32+1 -> 181 | K31: =G31+1 -> 182 | O31: =K31+1 -> 183 | S31: =O31+1 -> 184 | W31: =S31+1 -> 185 | AA31: =W31+1 -> 186 | AE31: =AA31+1 -> 187 | AI31: NA | AM31: NA | AQ31: NA | AU31: =AU32+1 -> 281 | AY31: =AU31+1 -> 282 | BC31: =AY31+1 -> 283 | BG31: =BC31+1 -> 284 | BK31: =BG31+1 -> 285 | BO31: =BK31+1 -> 286 | BS31: =BO31+1 -> 287 | BW31: NA | CA31: NA | CE31: NA | CM31: 59 | CN31: =IF(ISERROR(VLOOKUP("Inbred HIPS_"&CN$4&"_"&$CM31,'Turkus Index'!$A:$D,4,FALSE)),"NA",VLOOKUP("Inbred HIPS_"&CN$4&"_"&$CM31,'Turkus Index'!$A:$D,4,FALSE)) -> NA | CP31: =IF(ISERROR(VLOOKUP("Inbred HIPS_"&CP$4&"_"&$CM31,'Turkus Index'!$A:$D,4,FALSE)),"NA",VLOOKUP("Inbred HIPS_"&CP$4&"_"&$CM31,'Turkus Index'!$A:$D,4,FALSE)) -> 361 | CR31: =IF(ISERROR(VLOOKUP("Inbred HIPS_"&CR$4&"_"&$CM31,'Turkus Index'!$A:$D,4,FALSE)),"NA",VLOOKUP("Inbred HIPS_"&CR$4&"_"&$CM31,'Turkus Index'!$A:$D,4,FALSE)) -> 362 | CT31: =IF(ISERROR(VLOOKUP("Inbred HIPS_"&CT$4&"_"&$CM31,'Turkus Index'!$A:$D,4,FALSE)),"NA",VLOOKUP("Inbred HIPS_"&CT$4&"_"&$CM31,'Turkus Index'!$A:$D,4,FALSE)) -> 363 | CV31: =IF(ISERROR(VLOOKUP("Inbred HIPS_"&CV$4&"_"&$CM31,'Turkus Index'!$A:$D,4,FALSE)),"NA",VLOOKUP("Inbred HIPS_"&CV$4&"_"&$CM31,'Turkus Index'!$A:$D,4,FALSE)) -> 364 | CX31: =IF(ISERROR(VLOOKUP("Inbred HIPS_"&CX$4&"_"&$CM31,'Turkus Index'!$A:$D,4,FALSE)),"NA",VLOOKUP("Inbred HIPS_"&CX$4&"_"&$CM31,'Turkus Index'!$A:$D,4,FALSE)) -> 365 | CZ31: =IF(ISERROR(VLOOKUP("Inbred HIPS_"&CZ$4&"_"&$CM31,'Turkus Index'!$A:$D,4,FALSE)),"NA",VLOOKUP("Inbred HIPS_"&CZ$4&"_"&$CM31,'Turkus Index'!$A:$D,4,FALSE)) -> 366 | DB31: =IF(ISERROR(VLOOKUP("Inbred HIPS_"&DB$4&"_"&$CM31,'Turkus Index'!$A:$D,4,FALSE)),"NA",VLOOKUP("Inbred HIPS_"&DB$4&"_"&$CM31,'Turkus Index'!$A:$D,4,FALSE)) -> 367 | DD31: =IF(ISERROR(VLOOKUP("Inbred HIPS_"&DD$4&"_"&$CM31,'Turkus Index'!$A:$D,4,FALSE)),"NA",VLOOKUP("Inbred HIPS_"&DD$4&"_"&$CM31,'Turkus Index'!$A:$D,4,FALSE)) -> 368 | DF31: =IF(ISERROR(VLOOKUP("Inbred HIPS_"&DF$4&"_"&$CM31,'Turkus Index'!$A:$D,4,FALSE)),"NA",VLOOKUP("Inbred HIPS_"&DF$4&"_"&$CM31,'Turkus Index'!$A:$D,4,FALSE)) -> 369 | DH31: =IF(ISERROR(VLOOKUP("Inbred HIPS_"&DH$4&"_"&$CM31,'Turkus Index'!$A:$D,4,FALSE)),"NA",VLOOKUP("Inbred HIPS_"&DH$4&"_"&$CM31,'Turkus Index'!$A:$D,4,FALSE)) -> 370 | DJ31: =IF(ISERROR(VLOOKUP("Inbred HIPS_"&DJ$4&"_"&$CM31,'Turkus Index'!$A:$D,4,FALSE)),"NA",VLOOKUP("Inbred HIPS_"&DJ$4&"_"&$CM31,'Turkus Index'!$A:$D,4,FALSE)) -> NA
B32: 16 | C32: NA | G32: =K32+1 -> 180 | K32: =O32+1 -> 179 | O32: =S32+1 -> 178 | S32: =W32+1 -> 177 | W32: =AA32+1 -> 176 | AA32: =AE32+1 -> 175 | AE32: =AI32+1 -> 174 | AI32: =AM32+1 -> 173 | AM32: =AQ32+1 -> 172 | AQ32: =AQ33+1 -> 171 | AU32: =AY32+1 -> 280 | AY32: =BC32+1 -> 279 | BC32: =BG32+1 -> 278 | BG32: =BK32+1 -> 277 | BK32: =BO32+1 -> 276 | BO32: =BS32+1 -> 275 | BS32: =BW32+1 -> 274 | BW32: =CA32+1 -> 273 | CA32: =CE32+1 -> 272 | CE32: =CE33+1 -> 271 | CM32: 58 | CN32: =IF(ISERROR(VLOOKUP("Inbred HIPS_"&CN$4&"_"&$CM32,'Turkus Index'!$A:$D,4,FALSE)),"NA",VLOOKUP("Inbred HIPS_"&CN$4&"_"&$CM32,'Turkus Index'!$A:$D,4,FALSE)) -> NA | CP32: =IF(ISERROR(VLOOKUP("Inbred HIPS_"&CP$4&"_"&$CM32,'Turkus Index'!$A:$D,4,FALSE)),"NA",VLOOKUP("Inbred HIPS_"&CP$4&"_"&$CM32,'Turkus Index'!$A:$D,4,FALSE)) -> 360 | CR32: =IF(ISERROR(VLOOKUP("Inbred HIPS_"&CR$4&"_"&$CM32,'Turkus Index'!$A:$D,4,FALSE)),"NA",VLOOKUP("Inbred HIPS_"&CR$4&"_"&$CM32,'Turkus Index'!$A:$D,4,FALSE)) -> 359 | CT32: =IF(ISERROR(VLOOKUP("Inbred HIPS_"&CT$4&"_"&$CM32,'Turkus Index'!$A:$D,4,FALSE)),"NA",VLOOKUP("Inbred HIPS_"&CT$4&"_"&$CM32,'Turkus Index'!$A:$D,4,FALSE)) -> 358 | CV32: =IF(ISERROR(VLOOKUP("Inbred HIPS_"&CV$4&"_"&$CM32,'Turkus Index'!$A:$D,4,FALSE)),"NA",VLOOKUP("Inbred HIPS_"&CV$4&"_"&$CM32,'Turkus Index'!$A:$D,4,FALSE)) -> 357 | CX32: =IF(ISERROR(VLOOKUP("Inbred HIPS_"&CX$4&"_"&$CM32,'Turkus Index'!$A:$D,4,FALSE)),"NA",VLOOKUP("Inbred HIPS_"&CX$4&"_"&$CM32,'Turkus Index'!$A:$D,4,FALSE)) -> 356 | CZ32: =IF(ISERROR(VLOOKUP("Inbred HIPS_"&CZ$4&"_"&$CM32,'Turkus Index'!$A:$D,4,FALSE)),"NA",VLOOKUP("Inbred HIPS_"&CZ$4&"_"&$CM32,'Turkus Index'!$A:$D,4,FALSE)) -> 355 | DB32: =IF(ISERROR(VLOOKUP("Inbred HIPS_"&DB$4&"_"&$CM32,'Turkus Index'!$A:$D,4,FALSE)),"NA",VLOOKUP("Inbred HIPS_"&DB$4&"_"&$CM32,'Turkus Index'!$A:$D,4,FALSE)) -> 354 | DD32: =IF(ISERROR(VLOOKUP("Inbred HIPS_"&DD$4&"_"&$CM32,'Turkus Index'!$A:$D,4,FALSE)),"NA",VLOOKUP("Inbred HIPS_"&DD$4&"_"&$CM32,'Turkus Index'!$A:$D,4,FALSE)) -> 353 | DF32: =IF(ISERROR(VLOOKUP("Inbred HIPS_"&DF$4&"_"&$CM32,'Turkus Index'!$A:$D,4,FALSE)),"NA",VLOOKUP("Inbred HIPS_"&DF$4&"_"&$CM32,'Turkus Index'!$A:$D,4,FALSE)) -> 352 | DH32: =IF(ISERROR(VLOOKUP("Inbred HIPS_"&DH$4&"_"&$CM32,'Turkus Index'!$A:$D,4,FALSE)),"NA",VLOOKUP("Inbred HIPS_"&DH$4&"_"&$CM32,'Turkus Index'!$A:$D,4,FALSE)) -> 351 | DJ32: =IF(ISERROR(VLOOKUP("Inbred HIPS_"&DJ$4&"_"&$CM32,'Turkus Index'!$A:$D,4,FALSE)),"NA",VLOOKUP("Inbred HIPS_"&DJ$4&"_"&$CM32,'Turkus Index'!$A:$D,4,FALSE)) -> NA
B33: 15 | C33: NA | G33: =G34+1 -> 161 | K33: =G33+1 -> 162 | O33: =K33+1 -> 163 | S33: =O33+1 -> 164 | W33: =S33+1 -> 165 | AA33: =W33+1 -> 166 | AE33: =AA33+1 -> 167 | AI33: =AE33+1 -> 168 | AM33: =AI33+1 -> 169 | AQ33: =AM33+1 -> 170 | AU33: =AU34+1 -> 261 | AY33: =AU33+1 -> 262 | BC33: =AY33+1 -> 263 | BG33: =BC33+1 -> 264 | BK33: =BG33+1 -> 265 | BO33: =BK33+1 -> 266 | BS33: =BO33+1 -> 267 | BW33: =BS33+1 -> 268 | CA33: =BW33+1 -> 269 | CE33: =CA33+1 -> 270 | CM33: 57 | CN33: =IF(ISERROR(VLOOKUP("Inbred HIPS_"&CN$4&"_"&$CM33,'Turkus Index'!$A:$D,4,FALSE)),"NA",VLOOKUP("Inbred HIPS_"&CN$4&"_"&$CM33,'Turkus Index'!$A:$D,4,FALSE)) -> NA | CP33: =IF(ISERROR(VLOOKUP("Inbred HIPS_"&CP$4&"_"&$CM33,'Turkus Index'!$A:$D,4,FALSE)),"NA",VLOOKUP("Inbred HIPS_"&CP$4&"_"&$CM33,'Turkus Index'!$A:$D,4,FALSE)) -> 341 | CR33: =IF(ISERROR(VLOOKUP("Inbred HIPS_"&CR$4&"_"&$CM33,'Turkus Index'!$A:$D,4,FALSE)),"NA",VLOOKUP("Inbred HIPS_"&CR$4&"_"&$CM33,'Turkus Index'!$A:$D,4,FALSE)) -> 342 | CT33: =IF(ISERROR(VLOOKUP("Inbred HIPS_"&CT$4&"_"&$CM33,'Turkus Index'!$A:$D,4,FALSE)),"NA",VLOOKUP("Inbred HIPS_"&CT$4&"_"&$CM33,'Turkus Index'!$A:$D,4,FALSE)) -> 343 | CV33: =IF(ISERROR(VLOOKUP("Inbred HIPS_"&CV$4&"_"&$CM33,'Turkus Index'!$A:$D,4,FALSE)),"NA",VLOOKUP("Inbred HIPS_"&CV$4&"_"&$CM33,'Turkus Index'!$A:$D,4,FALSE)) -> 344 | CX33: =IF(ISERROR(VLOOKUP("Inbred HIPS_"&CX$4&"_"&$CM33,'Turkus Index'!$A:$D,4,FALSE)),"NA",VLOOKUP("Inbred HIPS_"&CX$4&"_"&$CM33,'Turkus Index'!$A:$D,4,FALSE)) -> 345 | CZ33: =IF(ISERROR(VLOOKUP("Inbred HIPS_"&CZ$4&"_"&$CM33,'Turkus Index'!$A:$D,4,FALSE)),"NA",VLOOKUP("Inbred HIPS_"&CZ$4&"_"&$CM33,'Turkus Index'!$A:$D,4,FALSE)) -> 346 | DB33: =IF(ISERROR(VLOOKUP("Inbred HIPS_"&DB$4&"_"&$CM33,'Turkus Index'!$A:$D,4,FALSE)),"NA",VLOOKUP("Inbred HIPS_"&DB$4&"_"&$CM33,'Turkus Index'!$A:$D,4,FALSE)) -> 347 | DD33: =IF(ISERROR(VLOOKUP("Inbred HIPS_"&DD$4&"_"&$CM33,'Turkus Index'!$A:$D,4,FALSE)),"NA",VLOOKUP("Inbred HIPS_"&DD$4&"_"&$CM33,'Turkus Index'!$A:$D,4,FALSE)) -> 348 | DF33: =IF(ISERROR(VLOOKUP("Inbred HIPS_"&DF$4&"_"&$CM33,'Turkus Index'!$A:$D,4,FALSE)),"NA",VLOOKUP("Inbred HIPS_"&DF$4&"_"&$CM33,'Turkus Index'!$A:$D,4,FALSE)) -> 349 | DH33: =IF(ISERROR(VLOOKUP("Inbred HIPS_"&DH$4&"_"&$CM33,'Turkus Index'!$A:$D,4,FALSE)),"NA",VLOOKUP("Inbred HIPS_"&DH$4&"_"&$CM33,'Turkus Index'!$A:$D,4,FALSE)) -> 350 | DJ33: =IF(ISERROR(VLOOKUP("Inbred HIPS_"&DJ$4&"_"&$CM33,'Turkus Index'!$A:$D,4,FALSE)),"NA",VLOOKUP("Inbred HIPS_"&DJ$4&"_"&$CM33,'Turkus Index'!$A:$D,4,FALSE)) -> NA
B34: 14 | C34: NA | G34: =K34+1 -> 160 | K34: =O34+1 -> 159 | O34: =S34+1 -> 158 | S34: =W34+1 -> 157 | W34: =AA34+1 -> 156 | AA34: =AE34+1 -> 155 | AE34: =AI34+1 -> 154 | AI34: =AM34+1 -> 153 | AM34: =AQ34+1 -> 152 | AQ34: =AQ35+1 -> 151 | AU34: =AY34+1 -> 260 | AY34: =BC34+1 -> 259 | BC34: =BG34+1 -> 258 | BG34: =BK34+1 -> 257 | BK34: =BO34+1 -> 256 | BO34: =BS34+1 -> 255 | BS34: =BW34+1 -> 254 | BW34: =CA34+1 -> 253 | CA34: =CE34+1 -> 252 | CE34: =CE35+1 -> 251 | CM34: 56 | CN34: =IF(ISERROR(VLOOKUP("Inbred HIPS_"&CN$4&"_"&$CM34,'Turkus Index'!$A:$D,4,FALSE)),"NA",VLOOKUP("Inbred HIPS_"&CN$4&"_"&$CM34,'Turkus Index'!$A:$D,4,FALSE)) -> NA | CP34: =IF(ISERROR(VLOOKUP("Inbred HIPS_"&CP$4&"_"&$CM34,'Turkus Index'!$A:$D,4,FALSE)),"NA",VLOOKUP("Inbred HIPS_"&CP$4&"_"&$CM34,'Turkus Index'!$A:$D,4,FALSE)) -> 340 | CR34: =IF(ISERROR(VLOOKUP("Inbred HIPS_"&CR$4&"_"&$CM34,'Turkus Index'!$A:$D,4,FALSE)),"NA",VLOOKUP("Inbred HIPS_"&CR$4&"_"&$CM34,'Turkus Index'!$A:$D,4,FALSE)) -> 339 | CT34: =IF(ISERROR(VLOOKUP("Inbred HIPS_"&CT$4&"_"&$CM34,'Turkus Index'!$A:$D,4,FALSE)),"NA",VLOOKUP("Inbred HIPS_"&CT$4&"_"&$CM34,'Turkus Index'!$A:$D,4,FALSE)) -> 338 | CV34: =IF(ISERROR(VLOOKUP("Inbred HIPS_"&CV$4&"_"&$CM34,'Turkus Index'!$A:$D,4,FALSE)),"NA",VLOOKUP("Inbred HIPS_"&CV$4&"_"&$CM34,'Turkus Index'!$A:$D,4,FALSE)) -> 337 | CX34: =IF(ISERROR(VLOOKUP("Inbred HIPS_"&CX$4&"_"&$CM34,'Turkus Index'!$A:$D,4,FALSE)),"NA",VLOOKUP("Inbred HIPS_"&CX$4&"_"&$CM34,'Turkus Index'!$A:$D,4,FALSE)) -> 336 | CZ34: =IF(ISERROR(VLOOKUP("Inbred HIPS_"&CZ$4&"_"&$CM34,'Turkus Index'!$A:$D,4,FALSE)),"NA",VLOOKUP("Inbred HIPS_"&CZ$4&"_"&$CM34,'Turkus Index'!$A:$D,4,FALSE)) -> 335 | DB34: =IF(ISERROR(VLOOKUP("Inbred HIPS_"&DB$4&"_"&$CM34,'Turkus Index'!$A:$D,4,FALSE)),"NA",VLOOKUP("Inbred HIPS_"&DB$4&"_"&$CM34,'Turkus Index'!$A:$D,4,FALSE)) -> 334 | DD34: =IF(ISERROR(VLOOKUP("Inbred HIPS_"&DD$4&"_"&$CM34,'Turkus Index'!$A:$D,4,FALSE)),"NA",VLOOKUP("Inbred HIPS_"&DD$4&"_"&$CM34,'Turkus Index'!$A:$D,4,FALSE)) -> 333 | DF34: =IF(ISERROR(VLOOKUP("Inbred HIPS_"&DF$4&"_"&$CM34,'Turkus Index'!$A:$D,4,FALSE)),"NA",VLOOKUP("Inbred HIPS_"&DF$4&"_"&$CM34,'Turkus Index'!$A:$D,4,FALSE)) -> 332 | DH34: =IF(ISERROR(VLOOKUP("Inbred HIPS_"&DH$4&"_"&$CM34,'Turkus Index'!$A:$D,4,FALSE)),"NA",VLOOKUP("Inbred HIPS_"&DH$4&"_"&$CM34,'Turkus Index'!$A:$D,4,FALSE)) -> 331 | DJ34: =IF(ISERROR(VLOOKUP("Inbred HIPS_"&DJ$4&"_"&$CM34,'Turkus Index'!$A:$D,4,FALSE)),"NA",VLOOKUP("Inbred HIPS_"&DJ$4&"_"&$CM34,'Turkus Index'!$A:$D,4,FALSE)) -> NA
B35: 13 | C35: NA | G35: =G36+1 -> 141 | K35: =G35+1 -> 142 | O35: =K35+1 -> 143 | S35: =O35+1 -> 144 | W35: =S35+1 -> 145 | AA35: =W35+1 -> 146 | AE35: =AA35+1 -> 147 | AI35: =AE35+1 -> 148 | AM35: =AI35+1 -> 149 | AQ35: =AM35+1 -> 150 | AU35: =AU36+1 -> 241 | AY35: =AU35+1 -> 242 | BC35: =AY35+1 -> 243 | BG35: =BC35+1 -> 244 | BK35: =BG35+1 -> 245 | BO35: =BK35+1 -> 246 | BS35: =BO35+1 -> 247 | BW35: =BS35+1 -> 248 | CA35: =BW35+1 -> 249 | CE35: =CA35+1 -> 250 | CM35: 55 | CN35: =IF(ISERROR(VLOOKUP("Inbred HIPS_"&CN$4&"_"&$CM35,'Turkus Index'!$A:$D,4,FALSE)),"NA",VLOOKUP("Inbred HIPS_"&CN$4&"_"&$CM35,'Turkus Index'!$A:$D,4,FALSE)) -> NA | CP35: =IF(ISERROR(VLOOKUP("Inbred HIPS_"&CP$4&"_"&$CM35,'Turkus Index'!$A:$D,4,FALSE)),"NA",VLOOKUP("Inbred HIPS_"&CP$4&"_"&$CM35,'Turkus Index'!$A:$D,4,FALSE)) -> 321 | CR35: =IF(ISERROR(VLOOKUP("Inbred HIPS_"&CR$4&"_"&$CM35,'Turkus Index'!$A:$D,4,FALSE)),"NA",VLOOKUP("Inbred HIPS_"&CR$4&"_"&$CM35,'Turkus Index'!$A:$D,4,FALSE)) -> 322 | CT35: =IF(ISERROR(VLOOKUP("Inbred HIPS_"&CT$4&"_"&$CM35,'Turkus Index'!$A:$D,4,FALSE)),"NA",VLOOKUP("Inbred HIPS_"&CT$4&"_"&$CM35,'Turkus Index'!$A:$D,4,FALSE)) -> 323 | CV35: =IF(ISERROR(VLOOKUP("Inbred HIPS_"&CV$4&"_"&$CM35,'Turkus Index'!$A:$D,4,FALSE)),"NA",VLOOKUP("Inbred HIPS_"&CV$4&"_"&$CM35,'Turkus Index'!$A:$D,4,FALSE)) -> 324 | CX35: =IF(ISERROR(VLOOKUP("Inbred HIPS_"&CX$4&"_"&$CM35,'Turkus Index'!$A:$D,4,FALSE)),"NA",VLOOKUP("Inbred HIPS_"&CX$4&"_"&$CM35,'Turkus Index'!$A:$D,4,FALSE)) -> 325 | CZ35: =IF(ISERROR(VLOOKUP("Inbred HIPS_"&CZ$4&"_"&$CM35,'Turkus Index'!$A:$D,4,FALSE)),"NA",VLOOKUP("Inbred HIPS_"&CZ$4&"_"&$CM35,'Turkus Index'!$A:$D,4,FALSE)) -> 326 | DB35: =IF(ISERROR(VLOOKUP("Inbred HIPS_"&DB$4&"_"&$CM35,'Turkus Index'!$A:$D,4,FALSE)),"NA",VLOOKUP("Inbred HIPS_"&DB$4&"_"&$CM35,'Turkus Index'!$A:$D,4,FALSE)) -> 327 | DD35: =IF(ISERROR(VLOOKUP("Inbred HIPS_"&DD$4&"_"&$CM35,'Turkus Index'!$A:$D,4,FALSE)),"NA",VLOOKUP("Inbred HIPS_"&DD$4&"_"&$CM35,'Turkus Index'!$A:$D,4,FALSE)) -> 328 | DF35: =IF(ISERROR(VLOOKUP("Inbred HIPS_"&DF$4&"_"&$CM35,'Turkus Index'!$A:$D,4,FALSE)),"NA",VLOOKUP("Inbred HIPS_"&DF$4&"_"&$CM35,'Turkus Index'!$A:$D,4,FALSE)) -> 329 | DH35: =IF(ISERROR(VLOOKUP("Inbred HIPS_"&DH$4&"_"&$CM35,'Turkus Index'!$A:$D,4,FALSE)),"NA",VLOOKUP("Inbred HIPS_"&DH$4&"_"&$CM35,'Turkus Index'!$A:$D,4,FALSE)) -> 330 | DJ35: =IF(ISERROR(VLOOKUP("Inbred HIPS_"&DJ$4&"_"&$CM35,'Turkus Index'!$A:$D,4,FALSE)),"NA",VLOOKUP("Inbred HIPS_"&DJ$4&"_"&$CM35,'Turkus Index'!$A:$D,4,FALSE)) -> NA
B36: 12 | C36: NA | G36: =K36+1 -> 140 | K36: =O36+1 -> 139 | O36: =S36+1 -> 138 | S36: =W36+1 -> 137 | W36: =AA36+1 -> 136 | AA36: =AE36+1 -> 135 | AE36: =AI36+1 -> 134 | AI36: =AM36+1 -> 133 | AM36: =AQ36+1 -> 132 | AQ36: =AQ37+1 -> 131 | AU36: =AY36+1 -> 240 | AY36: =BC36+1 -> 239 | BC36: =BG36+1 -> 238 | BG36: =BK36+1 -> 237 | BK36: =BO36+1 -> 236 | BO36: =BS36+1 -> 235 | BS36: =BW36+1 -> 234 | BW36: =CA36+1 -> 233 | CA36: =CE36+1 -> 232 | CE36: =CE37+1 -> 231 | CM36: 54 | CN36: =IF(ISERROR(VLOOKUP("Inbred HIPS_"&CN$4&"_"&$CM36,'Turkus Index'!$A:$D,4,FALSE)),"NA",VLOOKUP("Inbred HIPS_"&CN$4&"_"&$CM36,'Turkus Index'!$A:$D,4,FALSE)) -> NA | CP36: =IF(ISERROR(VLOOKUP("Inbred HIPS_"&CP$4&"_"&$CM36,'Turkus Index'!$A:$D,4,FALSE)),"NA",VLOOKUP("Inbred HIPS_"&CP$4&"_"&$CM36,'Turkus Index'!$A:$D,4,FALSE)) -> 320 | CR36: =IF(ISERROR(VLOOKUP("Inbred HIPS_"&CR$4&"_"&$CM36,'Turkus Index'!$A:$D,4,FALSE)),"NA",VLOOKUP("Inbred HIPS_"&CR$4&"_"&$CM36,'Turkus Index'!$A:$D,4,FALSE)) -> 319 | CT36: =IF(ISERROR(VLOOKUP("Inbred HIPS_"&CT$4&"_"&$CM36,'Turkus Index'!$A:$D,4,FALSE)),"NA",VLOOKUP("Inbred HIPS_"&CT$4&"_"&$CM36,'Turkus Index'!$A:$D,4,FALSE)) -> 318 | CV36: =IF(ISERROR(VLOOKUP("Inbred HIPS_"&CV$4&"_"&$CM36,'Turkus Index'!$A:$D,4,FALSE)),"NA",VLOOKUP("Inbred HIPS_"&CV$4&"_"&$CM36,'Turkus Index'!$A:$D,4,FALSE)) -> 317 | CX36: =IF(ISERROR(VLOOKUP("Inbred HIPS_"&CX$4&"_"&$CM36,'Turkus Index'!$A:$D,4,FALSE)),"NA",VLOOKUP("Inbred HIPS_"&CX$4&"_"&$CM36,'Turkus Index'!$A:$D,4,FALSE)) -> 316 | CZ36: =IF(ISERROR(VLOOKUP("Inbred HIPS_"&CZ$4&"_"&$CM36,'Turkus Index'!$A:$D,4,FALSE)),"NA",VLOOKUP("Inbred HIPS_"&CZ$4&"_"&$CM36,'Turkus Index'!$A:$D,4,FALSE)) -> 315 | DB36: =IF(ISERROR(VLOOKUP("Inbred HIPS_"&DB$4&"_"&$CM36,'Turkus Index'!$A:$D,4,FALSE)),"NA",VLOOKUP("Inbred HIPS_"&DB$4&"_"&$CM36,'Turkus Index'!$A:$D,4,FALSE)) -> 314 | DD36: =IF(ISERROR(VLOOKUP("Inbred HIPS_"&DD$4&"_"&$CM36,'Turkus Index'!$A:$D,4,FALSE)),"NA",VLOOKUP("Inbred HIPS_"&DD$4&"_"&$CM36,'Turkus Index'!$A:$D,4,FALSE)) -> 313 | DF36: =IF(ISERROR(VLOOKUP("Inbred HIPS_"&DF$4&"_"&$CM36,'Turkus Index'!$A:$D,4,FALSE)),"NA",VLOOKUP("Inbred HIPS_"&DF$4&"_"&$CM36,'Turkus Index'!$A:$D,4,FALSE)) -> 312 | DH36: =IF(ISERROR(VLOOKUP("Inbred HIPS_"&DH$4&"_"&$CM36,'Turkus Index'!$A:$D,4,FALSE)),"NA",VLOOKUP("Inbred HIPS_"&DH$4&"_"&$CM36,'Turkus Index'!$A:$D,4,FALSE)) -> 311 | DJ36: =IF(ISERROR(VLOOKUP("Inbred HIPS_"&DJ$4&"_"&$CM36,'Turkus Index'!$A:$D,4,FALSE)),"NA",VLOOKUP("Inbred HIPS_"&DJ$4&"_"&$CM36,'Turkus Index'!$A:$D,4,FALSE)) -> NA
B37: 11 | C37: NA | G37: =G38+1 -> 121 | K37: =G37+1 -> 122 | O37: =K37+1 -> 123 | S37: =O37+1 -> 124 | W37: =S37+1 -> 125 | AA37: =W37+1 -> 126 | AE37: =AA37+1 -> 127 | AI37: =AE37+1 -> 128 | AM37: =AI37+1 -> 129 | AQ37: =AM37+1 -> 130 | AU37: =AU38+1 -> 221 | AY37: =AU37+1 -> 222 | BC37: =AY37+1 -> 223 | BG37: =BC37+1 -> 224 | BK37: =BG37+1 -> 225 | BO37: =BK37+1 -> 226 | BS37: =BO37+1 -> 227 | BW37: =BS37+1 -> 228 | CA37: =BW37+1 -> 229 | CE37: =CA37+1 -> 230 | CM37: 53 | CN37: =IF(ISERROR(VLOOKUP("Inbred HIPS_"&CN$4&"_"&$CM37,'Turkus Index'!$A:$D,4,FALSE)),"NA",VLOOKUP("Inbred HIPS_"&CN$4&"_"&$CM37,'Turkus Index'!$A:$D,4,FALSE)) -> NA | CP37: =IF(ISERROR(VLOOKUP("Inbred HIPS_"&CP$4&"_"&$CM37,'Turkus Index'!$A:$D,4,FALSE)),"NA",VLOOKUP("Inbred HIPS_"&CP$4&"_"&$CM37,'Turkus Index'!$A:$D,4,FALSE)) -> 301 | CR37: =IF(ISERROR(VLOOKUP("Inbred HIPS_"&CR$4&"_"&$CM37,'Turkus Index'!$A:$D,4,FALSE)),"NA",VLOOKUP("Inbred HIPS_"&CR$4&"_"&$CM37,'Turkus Index'!$A:$D,4,FALSE)) -> 302 | CT37: =IF(ISERROR(VLOOKUP("Inbred HIPS_"&CT$4&"_"&$CM37,'Turkus Index'!$A:$D,4,FALSE)),"NA",VLOOKUP("Inbred HIPS_"&CT$4&"_"&$CM37,'Turkus Index'!$A:$D,4,FALSE)) -> 303 | CV37: =IF(ISERROR(VLOOKUP("Inbred HIPS_"&CV$4&"_"&$CM37,'Turkus Index'!$A:$D,4,FALSE)),"NA",VLOOKUP("Inbred HIPS_"&CV$4&"_"&$CM37,'Turkus Index'!$A:$D,4,FALSE)) -> 304 | CX37: =IF(ISERROR(VLOOKUP("Inbred HIPS_"&CX$4&"_"&$CM37,'Turkus Index'!$A:$D,4,FALSE)),"NA",VLOOKUP("Inbred HIPS_"&CX$4&"_"&$CM37,'Turkus Index'!$A:$D,4,FALSE)) -> 305 | CZ37: =IF(ISERROR(VLOOKUP("Inbred HIPS_"&CZ$4&"_"&$CM37,'Turkus Index'!$A:$D,4,FALSE)),"NA",VLOOKUP("Inbred HIPS_"&CZ$4&"_"&$CM37,'Turkus Index'!$A:$D,4,FALSE)) -> 306 | DB37: =IF(ISERROR(VLOOKUP("Inbred HIPS_"&DB$4&"_"&$CM37,'Turkus Index'!$A:$D,4,FALSE)),"NA",VLOOKUP("Inbred HIPS_"&DB$4&"_"&$CM37,'Turkus Index'!$A:$D,4,FALSE)) -> 307 | DD37: =IF(ISERROR(VLOOKUP("Inbred HIPS_"&DD$4&"_"&$CM37,'Turkus Index'!$A:$D,4,FALSE)),"NA",VLOOKUP("Inbred HIPS_"&DD$4&"_"&$CM37,'Turkus Index'!$A:$D,4,FALSE)) -> 308 | DF37: =IF(ISERROR(VLOOKUP("Inbred HIPS_"&DF$4&"_"&$CM37,'Turkus Index'!$A:$D,4,FALSE)),"NA",VLOOKUP("Inbred HIPS_"&DF$4&"_"&$CM37,'Turkus Index'!$A:$D,4,FALSE)) -> 309 | DH37: =IF(ISERROR(VLOOKUP("Inbred HIPS_"&DH$4&"_"&$CM37,'Turkus Index'!$A:$D,4,FALSE)),"NA",VLOOKUP("Inbred HIPS_"&DH$4&"_"&$CM37,'Turkus Index'!$A:$D,4,FALSE)) -> 310 | DJ37: =IF(ISERROR(VLOOKUP("Inbred HIPS_"&DJ$4&"_"&$CM37,'Turkus Index'!$A:$D,4,FALSE)),"NA",VLOOKUP("Inbred HIPS_"&DJ$4&"_"&$CM37,'Turkus Index'!$A:$D,4,FALSE)) -> NA
B38: 10 | C38: NA | G38: =K38+1 -> 120 | K38: =O38+1 -> 119 | O38: =S38+1 -> 118 | S38: =W38+1 -> 117 | W38: =AA38+1 -> 116 | AA38: =AE38+1 -> 115 | AE38: =AI38+1 -> 114 | AI38: =AM38+1 -> 113 | AM38: =AQ38+1 -> 112 | AQ38: =AQ39+1 -> 111 | AU38: =AY38+1 -> 220 | AY38: =BC38+1 -> 219 | BC38: =BG38+1 -> 218 | BG38: =BK38+1 -> 217 | BK38: =BO38+1 -> 216 | BO38: =BS38+1 -> 215 | BS38: =BW38+1 -> 214 | BW38: =CA38+1 -> 213 | CA38: =CE38+1 -> 212 | CE38: =CE39+1 -> 211 | CM38: 52 | CN38: =IF(ISERROR(VLOOKUP("Inbred HIPS_"&CN$4&"_"&$CM38,'Turkus Index'!$A:$D,4,FALSE)),"NA",VLOOKUP("Inbred HIPS_"&CN$4&"_"&$CM38,'Turkus Index'!$A:$D,4,FALSE)) -> NA | CP38: =IF(ISERROR(VLOOKUP("Inbred HIPS_"&CP$4&"_"&$CM38,'Turkus Index'!$A:$D,4,FALSE)),"NA",VLOOKUP("Inbred HIPS_"&CP$4&"_"&$CM38,'Turkus Index'!$A:$D,4,FALSE)) -> 300 | CR38: =IF(ISERROR(VLOOKUP("Inbred HIPS_"&CR$4&"_"&$CM38,'Turkus Index'!$A:$D,4,FALSE)),"NA",VLOOKUP("Inbred HIPS_"&CR$4&"_"&$CM38,'Turkus Index'!$A:$D,4,FALSE)) -> 299 | CT38: =IF(ISERROR(VLOOKUP("Inbred HIPS_"&CT$4&"_"&$CM38,'Turkus Index'!$A:$D,4,FALSE)),"NA",VLOOKUP("Inbred HIPS_"&CT$4&"_"&$CM38,'Turkus Index'!$A:$D,4,FALSE)) -> 298 | CV38: =IF(ISERROR(VLOOKUP("Inbred HIPS_"&CV$4&"_"&$CM38,'Turkus Index'!$A:$D,4,FALSE)),"NA",VLOOKUP("Inbred HIPS_"&CV$4&"_"&$CM38,'Turkus Index'!$A:$D,4,FALSE)) -> 297 | CX38: =IF(ISERROR(VLOOKUP("Inbred HIPS_"&CX$4&"_"&$CM38,'Turkus Index'!$A:$D,4,FALSE)),"NA",VLOOKUP("Inbred HIPS_"&CX$4&"_"&$CM38,'Turkus Index'!$A:$D,4,FALSE)) -> 296 | CZ38: =IF(ISERROR(VLOOKUP("Inbred HIPS_"&CZ$4&"_"&$CM38,'Turkus Index'!$A:$D,4,FALSE)),"NA",VLOOKUP("Inbred HIPS_"&CZ$4&"_"&$CM38,'Turkus Index'!$A:$D,4,FALSE)) -> 295 | DB38: =IF(ISERROR(VLOOKUP("Inbred HIPS_"&DB$4&"_"&$CM38,'Turkus Index'!$A:$D,4,FALSE)),"NA",VLOOKUP("Inbred HIPS_"&DB$4&"_"&$CM38,'Turkus Index'!$A:$D,4,FALSE)) -> 294 | DD38: =IF(ISERROR(VLOOKUP("Inbred HIPS_"&DD$4&"_"&$CM38,'Turkus Index'!$A:$D,4,FALSE)),"NA",VLOOKUP("Inbred HIPS_"&DD$4&"_"&$CM38,'Turkus Index'!$A:$D,4,FALSE)) -> 293 | DF38: =IF(ISERROR(VLOOKUP("Inbred HIPS_"&DF$4&"_"&$CM38,'Turkus Index'!$A:$D,4,FALSE)),"NA",VLOOKUP("Inbred HIPS_"&DF$4&"_"&$CM38,'Turkus Index'!$A:$D,4,FALSE)) -> 292 | DH38: =IF(ISERROR(VLOOKUP("Inbred HIPS_"&DH$4&"_"&$CM38,'Turkus Index'!$A:$D,4,FALSE)),"NA",VLOOKUP("Inbred HIPS_"&DH$4&"_"&$CM38,'Turkus Index'!$A:$D,4,FALSE)) -> 291 | DJ38: =IF(ISERROR(VLOOKUP("Inbred HIPS_"&DJ$4&"_"&$CM38,'Turkus Index'!$A:$D,4,FALSE)),"NA",VLOOKUP("Inbred HIPS_"&DJ$4&"_"&$CM38,'Turkus Index'!$A:$D,4,FALSE)) -> NA
B39: 9 | C39: NA | G39: 101 | K39: 102 | O39: 103 | S39: 104 | W39: 105 | AA39: 106 | AE39: 107 | AI39: 108 | AM39: 109 | AQ39: 110 | AU39: =G39+100 -> 201 | AY39: =K39+100 -> 202 | BC39: =O39+100 -> 203 | BG39: =S39+100 -> 204 | BK39: =W39+100 -> 205 | BO39: =AA39+100 -> 206 | BS39: =AE39+100 -> 207 | BW39: =AI39+100 -> 208 | CA39: =AM39+100 -> 209 | CE39: =AQ39+100 -> 210 | CM39: 51 | CN39: =IF(ISERROR(VLOOKUP("Inbred HIPS_"&CN$4&"_"&$CM39,'Turkus Index'!$A:$D,4,FALSE)),"NA",VLOOKUP("Inbred HIPS_"&CN$4&"_"&$CM39,'Turkus Index'!$A:$D,4,FALSE)) -> NA | CP39: =IF(ISERROR(VLOOKUP("Inbred HIPS_"&CP$4&"_"&$CM39,'Turkus Index'!$A:$D,4,FALSE)),"NA",VLOOKUP("Inbred HIPS_"&CP$4&"_"&$CM39,'Turkus Index'!$A:$D,4,FALSE)) -> 281 | CR39: =IF(ISERROR(VLOOKUP("Inbred HIPS_"&CR$4&"_"&$CM39,'Turkus Index'!$A:$D,4,FALSE)),"NA",VLOOKUP("Inbred HIPS_"&CR$4&"_"&$CM39,'Turkus Index'!$A:$D,4,FALSE)) -> 282 | CT39: =IF(ISERROR(VLOOKUP("Inbred HIPS_"&CT$4&"_"&$CM39,'Turkus Index'!$A:$D,4,FALSE)),"NA",VLOOKUP("Inbred HIPS_"&CT$4&"_"&$CM39,'Turkus Index'!$A:$D,4,FALSE)) -> 283 | CV39: =IF(ISERROR(VLOOKUP("Inbred HIPS_"&CV$4&"_"&$CM39,'Turkus Index'!$A:$D,4,FALSE)),"NA",VLOOKUP("Inbred HIPS_"&CV$4&"_"&$CM39,'Turkus Index'!$A:$D,4,FALSE)) -> 284 | CX39: =IF(ISERROR(VLOOKUP("Inbred HIPS_"&CX$4&"_"&$CM39,'Turkus Index'!$A:$D,4,FALSE)),"NA",VLOOKUP("Inbred HIPS_"&CX$4&"_"&$CM39,'Turkus Index'!$A:$D,4,FALSE)) -> 285 | CZ39: =IF(ISERROR(VLOOKUP("Inbred HIPS_"&CZ$4&"_"&$CM39,'Turkus Index'!$A:$D,4,FALSE)),"NA",VLOOKUP("Inbred HIPS_"&CZ$4&"_"&$CM39,'Turkus Index'!$A:$D,4,FALSE)) -> 286 | DB39: =IF(ISERROR(VLOOKUP("Inbred HIPS_"&DB$4&"_"&$CM39,'Turkus Index'!$A:$D,4,FALSE)),"NA",VLOOKUP("Inbred HIPS_"&DB$4&"_"&$CM39,'Turkus Index'!$A:$D,4,FALSE)) -> 287 | DD39: =IF(ISERROR(VLOOKUP("Inbred HIPS_"&DD$4&"_"&$CM39,'Turkus Index'!$A:$D,4,FALSE)),"NA",VLOOKUP("Inbred HIPS_"&DD$4&"_"&$CM39,'Turkus Index'!$A:$D,4,FALSE)) -> 288 | DF39: =IF(ISERROR(VLOOKUP("Inbred HIPS_"&DF$4&"_"&$CM39,'Turkus Index'!$A:$D,4,FALSE)),"NA",VLOOKUP("Inbred HIPS_"&DF$4&"_"&$CM39,'Turkus Index'!$A:$D,4,FALSE)) -> 289 | DH39: =IF(ISERROR(VLOOKUP("Inbred HIPS_"&DH$4&"_"&$CM39,'Turkus Index'!$A:$D,4,FALSE)),"NA",VLOOKUP("Inbred HIPS_"&DH$4&"_"&$CM39,'Turkus Index'!$A:$D,4,FALSE)) -> 290 | DJ39: =IF(ISERROR(VLOOKUP("Inbred HIPS_"&DJ$4&"_"&$CM39,'Turkus Index'!$A:$D,4,FALSE)),"NA",VLOOKUP("Inbred HIPS_"&DJ$4&"_"&$CM39,'Turkus Index'!$A:$D,4,FALSE)) -> NA
B40: 8 | C40: NA | G40: NA | K40: NA | O40: NA | S40: NA | W40: NA | AA40: NA | AE40: NA | AI40: NA | AM40: NA | AQ40: NA | AU40: NA | AY40: NA | BC40: NA | BG40: NA | BK40: NA | BO40: NA | BS40: NA | BW40: NA | CA40: NA | CE40: NA | CM40: 50 | CN40: =IF(ISERROR(VLOOKUP("Inbred HIPS_"&CN$4&"_"&$CM40,'Turkus Index'!$A:$D,4,FALSE)),"NA",VLOOKUP("Inbred HIPS_"&CN$4&"_"&$CM40,'Turkus Index'!$A:$D,4,FALSE)) -> NA | CP40: =IF(ISERROR(VLOOKUP("Inbred HIPS_"&CP$4&"_"&$CM40,'Turkus Index'!$A:$D,4,FALSE)),"NA",VLOOKUP("Inbred HIPS_"&CP$4&"_"&$CM40,'Turkus Index'!$A:$D,4,FALSE)) -> 280 | CR40: =IF(ISERROR(VLOOKUP("Inbred HIPS_"&CR$4&"_"&$CM40,'Turkus Index'!$A:$D,4,FALSE)),"NA",VLOOKUP("Inbred HIPS_"&CR$4&"_"&$CM40,'Turkus Index'!$A:$D,4,FALSE)) -> 279 | CT40: =IF(ISERROR(VLOOKUP("Inbred HIPS_"&CT$4&"_"&$CM40,'Turkus Index'!$A:$D,4,FALSE)),"NA",VLOOKUP("Inbred HIPS_"&CT$4&"_"&$CM40,'Turkus Index'!$A:$D,4,FALSE)) -> 278 | CV40: =IF(ISERROR(VLOOKUP("Inbred HIPS_"&CV$4&"_"&$CM40,'Turkus Index'!$A:$D,4,FALSE)),"NA",VLOOKUP("Inbred HIPS_"&CV$4&"_"&$CM40,'Turkus Index'!$A:$D,4,FALSE)) -> 277 | CX40: =IF(ISERROR(VLOOKUP("Inbred HIPS_"&CX$4&"_"&$CM40,'Turkus Index'!$A:$D,4,FALSE)),"NA",VLOOKUP("Inbred HIPS_"&CX$4&"_"&$CM40,'Turkus Index'!$A:$D,4,FALSE)) -> 276 | CZ40: =IF(ISERROR(VLOOKUP("Inbred HIPS_"&CZ$4&"_"&$CM40,'Turkus Index'!$A:$D,4,FALSE)),"NA",VLOOKUP("Inbred HIPS_"&CZ$4&"_"&$CM40,'Turkus Index'!$A:$D,4,FALSE)) -> 275 | DB40: =IF(ISERROR(VLOOKUP("Inbred HIPS_"&DB$4&"_"&$CM40,'Turkus Index'!$A:$D,4,FALSE)),"NA",VLOOKUP("Inbred HIPS_"&DB$4&"_"&$CM40,'Turkus Index'!$A:$D,4,FALSE)) -> 274 | DD40: =IF(ISERROR(VLOOKUP("Inbred HIPS_"&DD$4&"_"&$CM40,'Turkus Index'!$A:$D,4,FALSE)),"NA",VLOOKUP("Inbred HIPS_"&DD$4&"_"&$CM40,'Turkus Index'!$A:$D,4,FALSE)) -> 273 | DF40: =IF(ISERROR(VLOOKUP("Inbred HIPS_"&DF$4&"_"&$CM40,'Turkus Index'!$A:$D,4,FALSE)),"NA",VLOOKUP("Inbred HIPS_"&DF$4&"_"&$CM40,'Turkus Index'!$A:$D,4,FALSE)) -> 272 | DH40: =IF(ISERROR(VLOOKUP("Inbred HIPS_"&DH$4&"_"&$CM40,'Turkus Index'!$A:$D,4,FALSE)),"NA",VLOOKUP("Inbred HIPS_"&DH$4&"_"&$CM40,'Turkus Index'!$A:$D,4,FALSE)) -> 271 | DJ40: =IF(ISERROR(VLOOKUP("Inbred HIPS_"&DJ$4&"_"&$CM40,'Turkus Index'!$A:$D,4,FALSE)),"NA",VLOOKUP("Inbred HIPS_"&DJ$4&"_"&$CM40,'Turkus Index'!$A:$D,4,FALSE)) -> NA
B41: 7 | C41: NA | G41: NA | K41: NA | O41: NA | S41: NA | W41: NA | AA41: NA | AE41: NA | AI41: NA | AM41: NA | AQ41: NA | AU41: NA | AY41: NA | BC41: NA | BG41: NA | BK41: NA | BO41: NA | BS41: NA | BW41: NA | CA41: NA | CE41: NA | CM41: 49 | CN41: =IF(ISERROR(VLOOKUP("Inbred HIPS_"&CN$4&"_"&$CM41,'Turkus Index'!$A:$D,4,FALSE)),"NA",VLOOKUP("Inbred HIPS_"&CN$4&"_"&$CM41,'Turkus Index'!$A:$D,4,FALSE)) -> NA | CP41: =IF(ISERROR(VLOOKUP("Inbred HIPS_"&CP$4&"_"&$CM41,'Turkus Index'!$A:$D,4,FALSE)),"NA",VLOOKUP("Inbred HIPS_"&CP$4&"_"&$CM41,'Turkus Index'!$A:$D,4,FALSE)) -> 261 | CR41: =IF(ISERROR(VLOOKUP("Inbred HIPS_"&CR$4&"_"&$CM41,'Turkus Index'!$A:$D,4,FALSE)),"NA",VLOOKUP("Inbred HIPS_"&CR$4&"_"&$CM41,'Turkus Index'!$A:$D,4,FALSE)) -> 262 | CT41: =IF(ISERROR(VLOOKUP("Inbred HIPS_"&CT$4&"_"&$CM41,'Turkus Index'!$A:$D,4,FALSE)),"NA",VLOOKUP("Inbred HIPS_"&CT$4&"_"&$CM41,'Turkus Index'!$A:$D,4,FALSE)) -> 263 | CV41: =IF(ISERROR(VLOOKUP("Inbred HIPS_"&CV$4&"_"&$CM41,'Turkus Index'!$A:$D,4,FALSE)),"NA",VLOOKUP("Inbred HIPS_"&CV$4&"_"&$CM41,'Turkus Index'!$A:$D,4,FALSE)) -> 264 | CX41: =IF(ISERROR(VLOOKUP("Inbred HIPS_"&CX$4&"_"&$CM41,'Turkus Index'!$A:$D,4,FALSE)),"NA",VLOOKUP("Inbred HIPS_"&CX$4&"_"&$CM41,'Turkus Index'!$A:$D,4,FALSE)) -> 265 | CZ41: =IF(ISERROR(VLOOKUP("Inbred HIPS_"&CZ$4&"_"&$CM41,'Turkus Index'!$A:$D,4,FALSE)),"NA",VLOOKUP("Inbred HIPS_"&CZ$4&"_"&$CM41,'Turkus Index'!$A:$D,4,FALSE)) -> 266 | DB41: =IF(ISERROR(VLOOKUP("Inbred HIPS_"&DB$4&"_"&$CM41,'Turkus Index'!$A:$D,4,FALSE)),"NA",VLOOKUP("Inbred HIPS_"&DB$4&"_"&$CM41,'Turkus Index'!$A:$D,4,FALSE)) -> 267 | DD41: =IF(ISERROR(VLOOKUP("Inbred HIPS_"&DD$4&"_"&$CM41,'Turkus Index'!$A:$D,4,FALSE)),"NA",VLOOKUP("Inbred HIPS_"&DD$4&"_"&$CM41,'Turkus Index'!$A:$D,4,FALSE)) -> 268 | DF41: =IF(ISERROR(VLOOKUP("Inbred HIPS_"&DF$4&"_"&$CM41,'Turkus Index'!$A:$D,4,FALSE)),"NA",VLOOKUP("Inbred HIPS_"&DF$4&"_"&$CM41,'Turkus Index'!$A:$D,4,FALSE)) -> 269 | DH41: =IF(ISERROR(VLOOKUP("Inbred HIPS_"&DH$4&"_"&$CM41,'Turkus Index'!$A:$D,4,FALSE)),"NA",VLOOKUP("Inbred HIPS_"&DH$4&"_"&$CM41,'Turkus Index'!$A:$D,4,FALSE)) -> 270 | DJ41: =IF(ISERROR(VLOOKUP("Inbred HIPS_"&DJ$4&"_"&$CM41,'Turkus Index'!$A:$D,4,FALSE)),"NA",VLOOKUP("Inbred HIPS_"&DJ$4&"_"&$CM41,'Turkus Index'!$A:$D,4,FALSE)) -> NA
B42: 6 | C42: NA | G42: NA | K42: NA | O42: NA | S42: NA | W42: NA | AA42: NA | AE42: NA | AI42: NA | AM42: NA | AQ42: NA | AU42: NA | AY42: NA | BC42: NA | BG42: NA | BK42: NA | BO42: NA | BS42: NA | BW42: NA | CA42: NA | CE42: NA | CM42: 48 | CN42: =IF(ISERROR(VLOOKUP("Inbred HIPS_"&CN$4&"_"&$CM42,'Turkus Index'!$A:$D,4,FALSE)),"NA",VLOOKUP("Inbred HIPS_"&CN$4&"_"&$CM42,'Turkus Index'!$A:$D,4,FALSE)) -> NA | CP42: =IF(ISERROR(VLOOKUP("Inbred HIPS_"&CP$4&"_"&$CM42,'Turkus Index'!$A:$D,4,FALSE)),"NA",VLOOKUP("Inbred HIPS_"&CP$4&"_"&$CM42,'Turkus Index'!$A:$D,4,FALSE)) -> 260 | CR42: =IF(ISERROR(VLOOKUP("Inbred HIPS_"&CR$4&"_"&$CM42,'Turkus Index'!$A:$D,4,FALSE)),"NA",VLOOKUP("Inbred HIPS_"&CR$4&"_"&$CM42,'Turkus Index'!$A:$D,4,FALSE)) -> 259 | CT42: =IF(ISERROR(VLOOKUP("Inbred HIPS_"&CT$4&"_"&$CM42,'Turkus Index'!$A:$D,4,FALSE)),"NA",VLOOKUP("Inbred HIPS_"&CT$4&"_"&$CM42,'Turkus Index'!$A:$D,4,FALSE)) -> 258 | CV42: =IF(ISERROR(VLOOKUP("Inbred HIPS_"&CV$4&"_"&$CM42,'Turkus Index'!$A:$D,4,FALSE)),"NA",VLOOKUP("Inbred HIPS_"&CV$4&"_"&$CM42,'Turkus Index'!$A:$D,4,FALSE)) -> 257 | CX42: =IF(ISERROR(VLOOKUP("Inbred HIPS_"&CX$4&"_"&$CM42,'Turkus Index'!$A:$D,4,FALSE)),"NA",VLOOKUP("Inbred HIPS_"&CX$4&"_"&$CM42,'Turkus Index'!$A:$D,4,FALSE)) -> 256 | CZ42: =IF(ISERROR(VLOOKUP("Inbred HIPS_"&CZ$4&"_"&$CM42,'Turkus Index'!$A:$D,4,FALSE)),"NA",VLOOKUP("Inbred HIPS_"&CZ$4&"_"&$CM42,'Turkus Index'!$A:$D,4,FALSE)) -> 255 | DB42: =IF(ISERROR(VLOOKUP("Inbred HIPS_"&DB$4&"_"&$CM42,'Turkus Index'!$A:$D,4,FALSE)),"NA",VLOOKUP("Inbred HIPS_"&DB$4&"_"&$CM42,'Turkus Index'!$A:$D,4,FALSE)) -> 254 | DD42: =IF(ISERROR(VLOOKUP("Inbred HIPS_"&DD$4&"_"&$CM42,'Turkus Index'!$A:$D,4,FALSE)),"NA",VLOOKUP("Inbred HIPS_"&DD$4&"_"&$CM42,'Turkus Index'!$A:$D,4,FALSE)) -> 253 | DF42: =IF(ISERROR(VLOOKUP("Inbred HIPS_"&DF$4&"_"&$CM42,'Turkus Index'!$A:$D,4,FALSE)),"NA",VLOOKUP("Inbred HIPS_"&DF$4&"_"&$CM42,'Turkus Index'!$A:$D,4,FALSE)) -> 252 | DH42: =IF(ISERROR(VLOOKUP("Inbred HIPS_"&DH$4&"_"&$CM42,'Turkus Index'!$A:$D,4,FALSE)),"NA",VLOOKUP("Inbred HIPS_"&DH$4&"_"&$CM42,'Turkus Index'!$A:$D,4,FALSE)) -> 251 | DJ42: =IF(ISERROR(VLOOKUP("Inbred HIPS_"&DJ$4&"_"&$CM42,'Turkus Index'!$A:$D,4,FALSE)),"NA",VLOOKUP("Inbred HIPS_"&DJ$4&"_"&$CM42,'Turkus Index'!$A:$D,4,FALSE)) -> NA
B43: 5 | C43: NA | G43: NA | K43: NA | O43: NA | S43: NA | W43: NA | AA43: NA | AE43: NA | AI43: NA | AM43: NA | AQ43: NA | AU43: NA | AY43: NA | BC43: NA | BG43: NA | BK43: NA | BO43: NA | BS43: NA | BW43: NA | CA43: NA | CE43: NA | CM43: 47 | CN43: =IF(ISERROR(VLOOKUP("Inbred HIPS_"&CN$4&"_"&$CM43,'Turkus Index'!$A:$D,4,FALSE)),"NA",VLOOKUP("Inbred HIPS_"&CN$4&"_"&$CM43,'Turkus Index'!$A:$D,4,FALSE)) -> NA | CP43: =IF(ISERROR(VLOOKUP("Inbred HIPS_"&CP$4&"_"&$CM43,'Turkus Index'!$A:$D,4,FALSE)),"NA",VLOOKUP("Inbred HIPS_"&CP$4&"_"&$CM43,'Turkus Index'!$A:$D,4,FALSE)) -> 241 | CR43: =IF(ISERROR(VLOOKUP("Inbred HIPS_"&CR$4&"_"&$CM43,'Turkus Index'!$A:$D,4,FALSE)),"NA",VLOOKUP("Inbred HIPS_"&CR$4&"_"&$CM43,'Turkus Index'!$A:$D,4,FALSE)) -> 242 | CT43: =IF(ISERROR(VLOOKUP("Inbred HIPS_"&CT$4&"_"&$CM43,'Turkus Index'!$A:$D,4,FALSE)),"NA",VLOOKUP("Inbred HIPS_"&CT$4&"_"&$CM43,'Turkus Index'!$A:$D,4,FALSE)) -> 243 | CV43: =IF(ISERROR(VLOOKUP("Inbred HIPS_"&CV$4&"_"&$CM43,'Turkus Index'!$A:$D,4,FALSE)),"NA",VLOOKUP("Inbred HIPS_"&CV$4&"_"&$CM43,'Turkus Index'!$A:$D,4,FALSE)) -> 244 | CX43: =IF(ISERROR(VLOOKUP("Inbred HIPS_"&CX$4&"_"&$CM43,'Turkus Index'!$A:$D,4,FALSE)),"NA",VLOOKUP("Inbred HIPS_"&CX$4&"_"&$CM43,'Turkus Index'!$A:$D,4,FALSE)) -> 245 | CZ43: =IF(ISERROR(VLOOKUP("Inbred HIPS_"&CZ$4&"_"&$CM43,'Turkus Index'!$A:$D,4,FALSE)),"NA",VLOOKUP("Inbred HIPS_"&CZ$4&"_"&$CM43,'Turkus Index'!$A:$D,4,FALSE)) -> 246 | DB43: =IF(ISERROR(VLOOKUP("Inbred HIPS_"&DB$4&"_"&$CM43,'Turkus Index'!$A:$D,4,FALSE)),"NA",VLOOKUP("Inbred HIPS_"&DB$4&"_"&$CM43,'Turkus Index'!$A:$D,4,FALSE)) -> 247 | DD43: =IF(ISERROR(VLOOKUP("Inbred HIPS_"&DD$4&"_"&$CM43,'Turkus Index'!$A:$D,4,FALSE)),"NA",VLOOKUP("Inbred HIPS_"&DD$4&"_"&$CM43,'Turkus Index'!$A:$D,4,FALSE)) -> 248 | DF43: =IF(ISERROR(VLOOKUP("Inbred HIPS_"&DF$4&"_"&$CM43,'Turkus Index'!$A:$D,4,FALSE)),"NA",VLOOKUP("Inbred HIPS_"&DF$4&"_"&$CM43,'Turkus Index'!$A:$D,4,FALSE)) -> 249 | DH43: =IF(ISERROR(VLOOKUP("Inbred HIPS_"&DH$4&"_"&$CM43,'Turkus Index'!$A:$D,4,FALSE)),"NA",VLOOKUP("Inbred HIPS_"&DH$4&"_"&$CM43,'Turkus Index'!$A:$D,4,FALSE)) -> 250 | DJ43: =IF(ISERROR(VLOOKUP("Inbred HIPS_"&DJ$4&"_"&$CM43,'Turkus Index'!$A:$D,4,FALSE)),"NA",VLOOKUP("Inbred HIPS_"&DJ$4&"_"&$CM43,'Turkus Index'!$A:$D,4,FALSE)) -> NA
B44: 4 | C44: NA | G44: NA | K44: NA | O44: NA | S44: NA | W44: NA | AA44: NA | AE44: NA | AI44: NA | AM44: NA | AQ44: NA | AU44: NA | AY44: NA | BC44: NA | BG44: NA | BK44: NA | BO44: NA | BS44: NA | BW44: NA | CA44: NA | CE44: NA | CM44: 46 | CN44: =IF(ISERROR(VLOOKUP("Inbred HIPS_"&CN$4&"_"&$CM44,'Turkus Index'!$A:$D,4,FALSE)),"NA",VLOOKUP("Inbred HIPS_"&CN$4&"_"&$CM44,'Turkus Index'!$A:$D,4,FALSE)) -> NA | CP44: =IF(ISERROR(VLOOKUP("Inbred HIPS_"&CP$4&"_"&$CM44,'Turkus Index'!$A:$D,4,FALSE)),"NA",VLOOKUP("Inbred HIPS_"&CP$4&"_"&$CM44,'Turkus Index'!$A:$D,4,FALSE)) -> 240 | CR44: =IF(ISERROR(VLOOKUP("Inbred HIPS_"&CR$4&"_"&$CM44,'Turkus Index'!$A:$D,4,FALSE)),"NA",VLOOKUP("Inbred HIPS_"&CR$4&"_"&$CM44,'Turkus Index'!$A:$D,4,FALSE)) -> 239 | CT44: =IF(ISERROR(VLOOKUP("Inbred HIPS_"&CT$4&"_"&$CM44,'Turkus Index'!$A:$D,4,FALSE)),"NA",VLOOKUP("Inbred HIPS_"&CT$4&"_"&$CM44,'Turkus Index'!$A:$D,4,FALSE)) -> 238 | CV44: =IF(ISERROR(VLOOKUP("Inbred HIPS_"&CV$4&"_"&$CM44,'Turkus Index'!$A:$D,4,FALSE)),"NA",VLOOKUP("Inbred HIPS_"&CV$4&"_"&$CM44,'Turkus Index'!$A:$D,4,FALSE)) -> 237 | CX44: =IF(ISERROR(VLOOKUP("Inbred HIPS_"&CX$4&"_"&$CM44,'Turkus Index'!$A:$D,4,FALSE)),"NA",VLOOKUP("Inbred HIPS_"&CX$4&"_"&$CM44,'Turkus Index'!$A:$D,4,FALSE)) -> 236 | CZ44: =IF(ISERROR(VLOOKUP("Inbred HIPS_"&CZ$4&"_"&$CM44,'Turkus Index'!$A:$D,4,FALSE)),"NA",VLOOKUP("Inbred HIPS_"&CZ$4&"_"&$CM44,'Turkus Index'!$A:$D,4,FALSE)) -> 235 | DB44: =IF(ISERROR(VLOOKUP("Inbred HIPS_"&DB$4&"_"&$CM44,'Turkus Index'!$A:$D,4,FALSE)),"NA",VLOOKUP("Inbred HIPS_"&DB$4&"_"&$CM44,'Turkus Index'!$A:$D,4,FALSE)) -> 234 | DD44: =IF(ISERROR(VLOOKUP("Inbred HIPS_"&DD$4&"_"&$CM44,'Turkus Index'!$A:$D,4,FALSE)),"NA",VLOOKUP("Inbred HIPS_"&DD$4&"_"&$CM44,'Turkus Index'!$A:$D,4,FALSE)) -> 233 | DF44: =IF(ISERROR(VLOOKUP("Inbred HIPS_"&DF$4&"_"&$CM44,'Turkus Index'!$A:$D,4,FALSE)),"NA",VLOOKUP("Inbred HIPS_"&DF$4&"_"&$CM44,'Turkus Index'!$A:$D,4,FALSE)) -> 232 | DH44: =IF(ISERROR(VLOOKUP("Inbred HIPS_"&DH$4&"_"&$CM44,'Turkus Index'!$A:$D,4,FALSE)),"NA",VLOOKUP("Inbred HIPS_"&DH$4&"_"&$CM44,'Turkus Index'!$A:$D,4,FALSE)) -> 231 | DJ44: =IF(ISERROR(VLOOKUP("Inbred HIPS_"&DJ$4&"_"&$CM44,'Turkus Index'!$A:$D,4,FALSE)),"NA",VLOOKUP("Inbred HIPS_"&DJ$4&"_"&$CM44,'Turkus Index'!$A:$D,4,FALSE)) -> NA
B45: 3 | C45: NA | G45: NA | K45: NA | O45: NA | S45: NA | W45: NA | AA45: NA | AE45: NA | AI45: NA | AM45: NA | AQ45: NA | AU45: NA | AY45: NA | BC45: NA | BG45: NA | BK45: NA | BO45: NA | BS45: NA | BW45: NA | CA45: NA | CE45: NA | CM45: 45 | CN45: =IF(ISERROR(VLOOKUP("Inbred HIPS_"&CN$4&"_"&$CM45,'Turkus Index'!$A:$D,4,FALSE)),"NA",VLOOKUP("Inbred HIPS_"&CN$4&"_"&$CM45,'Turkus Index'!$A:$D,4,FALSE)) -> NA | CP45: =IF(ISERROR(VLOOKUP("Inbred HIPS_"&CP$4&"_"&$CM45,'Turkus Index'!$A:$D,4,FALSE)),"NA",VLOOKUP("Inbred HIPS_"&CP$4&"_"&$CM45,'Turkus Index'!$A:$D,4,FALSE)) -> 221 | CR45: =IF(ISERROR(VLOOKUP("Inbred HIPS_"&CR$4&"_"&$CM45,'Turkus Index'!$A:$D,4,FALSE)),"NA",VLOOKUP("Inbred HIPS_"&CR$4&"_"&$CM45,'Turkus Index'!$A:$D,4,FALSE)) -> 222 | CT45: =IF(ISERROR(VLOOKUP("Inbred HIPS_"&CT$4&"_"&$CM45,'Turkus Index'!$A:$D,4,FALSE)),"NA",VLOOKUP("Inbred HIPS_"&CT$4&"_"&$CM45,'Turkus Index'!$A:$D,4,FALSE)) -> 223 | CV45: =IF(ISERROR(VLOOKUP("Inbred HIPS_"&CV$4&"_"&$CM45,'Turkus Index'!$A:$D,4,FALSE)),"NA",VLOOKUP("Inbred HIPS_"&CV$4&"_"&$CM45,'Turkus Index'!$A:$D,4,FALSE)) -> 224 | CX45: =IF(ISERROR(VLOOKUP("Inbred HIPS_"&CX$4&"_"&$CM45,'Turkus Index'!$A:$D,4,FALSE)),"NA",VLOOKUP("Inbred HIPS_"&CX$4&"_"&$CM45,'Turkus Index'!$A:$D,4,FALSE)) -> 225 | CZ45: =IF(ISERROR(VLOOKUP("Inbred HIPS_"&CZ$4&"_"&$CM45,'Turkus Index'!$A:$D,4,FALSE)),"NA",VLOOKUP("Inbred HIPS_"&CZ$4&"_"&$CM45,'Turkus Index'!$A:$D,4,FALSE)) -> 226 | DB45: =IF(ISERROR(VLOOKUP("Inbred HIPS_"&DB$4&"_"&$CM45,'Turkus Index'!$A:$D,4,FALSE)),"NA",VLOOKUP("Inbred HIPS_"&DB$4&"_"&$CM45,'Turkus Index'!$A:$D,4,FALSE)) -> 227 | DD45: =IF(ISERROR(VLOOKUP("Inbred HIPS_"&DD$4&"_"&$CM45,'Turkus Index'!$A:$D,4,FALSE)),"NA",VLOOKUP("Inbred HIPS_"&DD$4&"_"&$CM45,'Turkus Index'!$A:$D,4,FALSE)) -> 228 | DF45: =IF(ISERROR(VLOOKUP("Inbred HIPS_"&DF$4&"_"&$CM45,'Turkus Index'!$A:$D,4,FALSE)),"NA",VLOOKUP("Inbred HIPS_"&DF$4&"_"&$CM45,'Turkus Index'!$A:$D,4,FALSE)) -> 229 | DH45: =IF(ISERROR(VLOOKUP("Inbred HIPS_"&DH$4&"_"&$CM45,'Turkus Index'!$A:$D,4,FALSE)),"NA",VLOOKUP("Inbred HIPS_"&DH$4&"_"&$CM45,'Turkus Index'!$A:$D,4,FALSE)) -> 230 | DJ45: =IF(ISERROR(VLOOKUP("Inbred HIPS_"&DJ$4&"_"&$CM45,'Turkus Index'!$A:$D,4,FALSE)),"NA",VLOOKUP("Inbred HIPS_"&DJ$4&"_"&$CM45,'Turkus Index'!$A:$D,4,FALSE)) -> NA
A46: Range | B46: 2 | C46: NA | G46: NA | K46: NA | O46: NA | S46: NA | W46: NA | AA46: NA | AE46: NA | AI46: NA | AM46: NA | AQ46: NA | AU46: NA | AY46: NA | BC46: NA | BG46: NA | BK46: NA | BO46: NA | BS46: NA | BW46: NA | CA46: NA | CE46: NA | CM46: 44 | CN46: =IF(ISERROR(VLOOKUP("Inbred HIPS_"&CN$4&"_"&$CM46,'Turkus Index'!$A:$D,4,FALSE)),"NA",VLOOKUP("Inbred HIPS_"&CN$4&"_"&$CM46,'Turkus Index'!$A:$D,4,FALSE)) -> NA | CP46: =IF(ISERROR(VLOOKUP("Inbred HIPS_"&CP$4&"_"&$CM46,'Turkus Index'!$A:$D,4,FALSE)),"NA",VLOOKUP("Inbred HIPS_"&CP$4&"_"&$CM46,'Turkus Index'!$A:$D,4,FALSE)) -> 220 | CR46: =IF(ISERROR(VLOOKUP("Inbred HIPS_"&CR$4&"_"&$CM46,'Turkus Index'!$A:$D,4,FALSE)),"NA",VLOOKUP("Inbred HIPS_"&CR$4&"_"&$CM46,'Turkus Index'!$A:$D,4,FALSE)) -> 219 | CT46: =IF(ISERROR(VLOOKUP("Inbred HIPS_"&CT$4&"_"&$CM46,'Turkus Index'!$A:$D,4,FALSE)),"NA",VLOOKUP("Inbred HIPS_"&CT$4&"_"&$CM46,'Turkus Index'!$A:$D,4,FALSE)) -> 218 | CV46: =IF(ISERROR(VLOOKUP("Inbred HIPS_"&CV$4&"_"&$CM46,'Turkus Index'!$A:$D,4,FALSE)),"NA",VLOOKUP("Inbred HIPS_"&CV$4&"_"&$CM46,'Turkus Index'!$A:$D,4,FALSE)) -> 217 | CX46: =IF(ISERROR(VLOOKUP("Inbred HIPS_"&CX$4&"_"&$CM46,'Turkus Index'!$A:$D,4,FALSE)),"NA",VLOOKUP("Inbred HIPS_"&CX$4&"_"&$CM46,'Turkus Index'!$A:$D,4,FALSE)) -> 216 | CZ46: =IF(ISERROR(VLOOKUP("Inbred HIPS_"&CZ$4&"_"&$CM46,'Turkus Index'!$A:$D,4,FALSE)),"NA",VLOOKUP("Inbred HIPS_"&CZ$4&"_"&$CM46,'Turkus Index'!$A:$D,4,FALSE)) -> 215 | DB46: =IF(ISERROR(VLOOKUP("Inbred HIPS_"&DB$4&"_"&$CM46,'Turkus Index'!$A:$D,4,FALSE)),"NA",VLOOKUP("Inbred HIPS_"&DB$4&"_"&$CM46,'Turkus Index'!$A:$D,4,FALSE)) -> 214 | DD46: =IF(ISERROR(VLOOKUP("Inbred HIPS_"&DD$4&"_"&$CM46,'Turkus Index'!$A:$D,4,FALSE)),"NA",VLOOKUP("Inbred HIPS_"&DD$4&"_"&$CM46,'Turkus Index'!$A:$D,4,FALSE)) -> 213 | DF46: =IF(ISERROR(VLOOKUP("Inbred HIPS_"&DF$4&"_"&$CM46,'Turkus Index'!$A:$D,4,FALSE)),"NA",VLOOKUP("Inbred HIPS_"&DF$4&"_"&$CM46,'Turkus Index'!$A:$D,4,FALSE)) -> 212 | DH46: =IF(ISERROR(VLOOKUP("Inbred HIPS_"&DH$4&"_"&$CM46,'Turkus Index'!$A:$D,4,FALSE)),"NA",VLOOKUP("Inbred HIPS_"&DH$4&"_"&$CM46,'Turkus Index'!$A:$D,4,FALSE)) -> 211 | DJ46: =IF(ISERROR(VLOOKUP("Inbred HIPS_"&DJ$4&"_"&$CM46,'Turkus Index'!$A:$D,4,FALSE)),"NA",VLOOKUP("Inbred HIPS_"&DJ$4&"_"&$CM46,'Turkus Index'!$A:$D,4,FALSE)) -> NA
B47: 1 | C47: NA | G47: NA | K47: NA | O47: NA | S47: NA | W47: NA | AA47: NA | AE47: NA | AI47: NA | AM47: NA | AQ47: NA | AU47: NA | AY47: NA | BC47: NA | BG47: NA | BK47: NA | BO47: NA | BS47: NA | BW47: NA | CA47: NA | CE47: NA | CM47: 43 | CN47: =IF(ISERROR(VLOOKUP("Inbred HIPS_"&CN$4&"_"&$CM47,'Turkus Index'!$A:$D,4,FALSE)),"NA",VLOOKUP("Inbred HIPS_"&CN$4&"_"&$CM47,'Turkus Index'!$A:$D,4,FALSE)) -> NA | CP47: =IF(ISERROR(VLOOKUP("Inbred HIPS_"&CP$4&"_"&$CM47,'Turkus Index'!$A:$D,4,FALSE)),"NA",VLOOKUP("Inbred HIPS_"&CP$4&"_"&$CM47,'Turkus Index'!$A:$D,4,FALSE)) -> 201 | CR47: =IF(ISERROR(VLOOKUP("Inbred HIPS_"&CR$4&"_"&$CM47,'Turkus Index'!$A:$D,4,FALSE)),"NA",VLOOKUP("Inbred HIPS_"&CR$4&"_"&$CM47,'Turkus Index'!$A:$D,4,FALSE)) -> 202 | CT47: =IF(ISERROR(VLOOKUP("Inbred HIPS_"&CT$4&"_"&$CM47,'Turkus Index'!$A:$D,4,FALSE)),"NA",VLOOKUP("Inbred HIPS_"&CT$4&"_"&$CM47,'Turkus Index'!$A:$D,4,FALSE)) -> 203 | CV47: =IF(ISERROR(VLOOKUP("Inbred HIPS_"&CV$4&"_"&$CM47,'Turkus Index'!$A:$D,4,FALSE)),"NA",VLOOKUP("Inbred HIPS_"&CV$4&"_"&$CM47,'Turkus Index'!$A:$D,4,FALSE)) -> 204 | CX47: =IF(ISERROR(VLOOKUP("Inbred HIPS_"&CX$4&"_"&$CM47,'Turkus Index'!$A:$D,4,FALSE)),"NA",VLOOKUP("Inbred HIPS_"&CX$4&"_"&$CM47,'Turkus Index'!$A:$D,4,FALSE)) -> 205 | CZ47: =IF(ISERROR(VLOOKUP("Inbred HIPS_"&CZ$4&"_"&$CM47,'Turkus Index'!$A:$D,4,FALSE)),"NA",VLOOKUP("Inbred HIPS_"&CZ$4&"_"&$CM47,'Turkus Index'!$A:$D,4,FALSE)) -> 206 | DB47: =IF(ISERROR(VLOOKUP("Inbred HIPS_"&DB$4&"_"&$CM47,'Turkus Index'!$A:$D,4,FALSE)),"NA",VLOOKUP("Inbred HIPS_"&DB$4&"_"&$CM47,'Turkus Index'!$A:$D,4,FALSE)) -> 207 | DD47: =IF(ISERROR(VLOOKUP("Inbred HIPS_"&DD$4&"_"&$CM47,'Turkus Index'!$A:$D,4,FALSE)),"NA",VLOOKUP("Inbred HIPS_"&DD$4&"_"&$CM47,'Turkus Index'!$A:$D,4,FALSE)) -> 208 | DF47: =IF(ISERROR(VLOOKUP("Inbred HIPS_"&DF$4&"_"&$CM47,'Turkus Index'!$A:$D,4,FALSE)),"NA",VLOOKUP("Inbred HIPS_"&DF$4&"_"&$CM47,'Turkus Index'!$A:$D,4,FALSE)) -> 209 | DH47: =IF(ISERROR(VLOOKUP("Inbred HIPS_"&DH$4&"_"&$CM47,'Turkus Index'!$A:$D,4,FALSE)),"NA",VLOOKUP("Inbred HIPS_"&DH$4&"_"&$CM47,'Turkus Index'!$A:$D,4,FALSE)) -> 210 | DJ47: =IF(ISERROR(VLOOKUP("Inbred HIPS_"&DJ$4&"_"&$CM47,'Turkus Index'!$A:$D,4,FALSE)),"NA",VLOOKUP("Inbred HIPS_"&DJ$4&"_"&$CM47,'Turkus Index'!$A:$D,4,FALSE)) -> NA
B48: Field Row | C48: 1 | D48: 2 | E48: 3 | F48: 4 | G48: 5 | H48: 6 | I48: 7 | J48: 8 | K48: 9 | L48: 10 | M48: 11 | N48: 12 | O48: 13 | P48: 14 | Q48: 15 | R48: 16 | S48: 17 | T48: 18 | U48: 19 | V48: 20 | W48: 21 | X48: 22 | Y48: 23 | Z48: 24 | AA48: 25 | AB48: 26 | AC48: 27 | AD48: 28 | AE48: 29 | AF48: 30 | AG48: 31 | AH48: 32 | AI48: 33 | AJ48: 34 | AK48: 35 | AL48: 36 | AM48: 37 | AN48: 38 | AO48: 39 | AP48: 40 | AQ48: 41 | AR48: 42 | AS48: 43 | AT48: 44 | AU48: 45 | AV48: 46 | AW48: 47 | AX48: 48 | AY48: 49 | AZ48: 50 | BA48: 51 | BB48: 52 | BC48: 53 | BD48: 54 | BE48: 55 | BF48: 56 | BG48: 57 | BH48: 58 | BI48: 59 | BJ48: 60 | BK48: 61 | BL48: 62 | BM48: 63 | BN48: 64 | BO48: 65 | BP48: 66 | BQ48: 67 | BR48: 68 | BS48: 69 | BT48: 70 | BU48: 71 | BV48: 72 | BW48: 73 | BX48: 74 | BY48: 75 | BZ48: 76 | CA48: 77 | CB48: 78 | CC48: 79 | CD48: 80 | CE48: 81 | CF48: 82 | CG48: 83 | CH48: 84 | CM48: 42 | CN48: =IF(ISERROR(VLOOKUP("Inbred HIPS_"&CN$4&"_"&$CM48,'Turkus Index'!$A:$D,4,FALSE)),"NA",VLOOKUP("Inbred HIPS_"&CN$4&"_"&$CM48,'Turkus Index'!$A:$D,4,FALSE)) -> NA | CP48: =IF(ISERROR(VLOOKUP("Inbred HIPS_"&CP$4&"_"&$CM48,'Turkus Index'!$A:$D,4,FALSE)),"NA",VLOOKUP("Inbred HIPS_"&CP$4&"_"&$CM48,'Turkus Index'!$A:$D,4,FALSE)) -> Filler | CR48: =IF(ISERROR(VLOOKUP("Inbred HIPS_"&CR$4&"_"&$CM48,'Turkus Index'!$A:$D,4,FALSE)),"NA",VLOOKUP("Inbred HIPS_"&CR$4&"_"&$CM48,'Turkus Index'!$A:$D,4,FALSE)) -> Filler | CT48: =IF(ISERROR(VLOOKUP("Inbred HIPS_"&CT$4&"_"&$CM48,'Turkus Index'!$A:$D,4,FALSE)),"NA",VLOOKUP("Inbred HIPS_"&CT$4&"_"&$CM48,'Turkus Index'!$A:$D,4,FALSE)) -> Filler | CV48: =IF(ISERROR(VLOOKUP("Inbred HIPS_"&CV$4&"_"&$CM48,'Turkus Index'!$A:$D,4,FALSE)),"NA",VLOOKUP("Inbred HIPS_"&CV$4&"_"&$CM48,'Turkus Index'!$A:$D,4,FALSE)) -> Filler | CX48: =IF(ISERROR(VLOOKUP("Inbred HIPS_"&CX$4&"_"&$CM48,'Turkus Index'!$A:$D,4,FALSE)),"NA",VLOOKUP("Inbred HIPS_"&CX$4&"_"&$CM48,'Turkus Index'!$A:$D,4,FALSE)) -> 496 | CZ48: =IF(ISERROR(VLOOKUP("Inbred HIPS_"&CZ$4&"_"&$CM48,'Turkus Index'!$A:$D,4,FALSE)),"NA",VLOOKUP("Inbred HIPS_"&CZ$4&"_"&$CM48,'Turkus Index'!$A:$D,4,FALSE)) -> 495 | DB48: =IF(ISERROR(VLOOKUP("Inbred HIPS_"&DB$4&"_"&$CM48,'Turkus Index'!$A:$D,4,FALSE)),"NA",VLOOKUP("Inbred HIPS_"&DB$4&"_"&$CM48,'Turkus Index'!$A:$D,4,FALSE)) -> 494 | DD48: =IF(ISERROR(VLOOKUP("Inbred HIPS_"&DD$4&"_"&$CM48,'Turkus Index'!$A:$D,4,FALSE)),"NA",VLOOKUP("Inbred HIPS_"&DD$4&"_"&$CM48,'Turkus Index'!$A:$D,4,FALSE)) -> 493 | DF48: =IF(ISERROR(VLOOKUP("Inbred HIPS_"&DF$4&"_"&$CM48,'Turkus Index'!$A:$D,4,FALSE)),"NA",VLOOKUP("Inbred HIPS_"&DF$4&"_"&$CM48,'Turkus Index'!$A:$D,4,FALSE)) -> 492 | DH48: =IF(ISERROR(VLOOKUP("Inbred HIPS_"&DH$4&"_"&$CM48,'Turkus Index'!$A:$D,4,FALSE)),"NA",VLOOKUP("Inbred HIPS_"&DH$4&"_"&$CM48,'Turkus Index'!$A:$D,4,FALSE)) -> 491 | DJ48: =IF(ISERROR(VLOOKUP("Inbred HIPS_"&DJ$4&"_"&$CM48,'Turkus Index'!$A:$D,4,FALSE)),"NA",VLOOKUP("Inbred HIPS_"&DJ$4&"_"&$CM48,'Turkus Index'!$A:$D,4,FALSE)) -> NA
B49: Plot Row | C49: 1 | G49: 2 | K49: 3 | O49: 4 | S49: 5 | W49: 6 | AA49: 7 | AE49: 8 | AI49: 9 | AM49: 10 | AQ49: 11 | AU49: 12 | AY49: 13 | BC49: 14 | BG49: 15 | BK49: 16 | BO49: 17 | BS49: 18 | BW49: 19 | CA49: 20 | CE49: 21 | CM49: 41 | CN49: =IF(ISERROR(VLOOKUP("Inbred HIPS_"&CN$4&"_"&$CM49,'Turkus Index'!$A:$D,4,FALSE)),"NA",VLOOKUP("Inbred HIPS_"&CN$4&"_"&$CM49,'Turkus Index'!$A:$D,4,FALSE)) -> NA | CP49: =IF(ISERROR(VLOOKUP("Inbred HIPS_"&CP$4&"_"&$CM49,'Turkus Index'!$A:$D,4,FALSE)),"NA",VLOOKUP("Inbred HIPS_"&CP$4&"_"&$CM49,'Turkus Index'!$A:$D,4,FALSE)) -> 481 | CR49: =IF(ISERROR(VLOOKUP("Inbred HIPS_"&CR$4&"_"&$CM49,'Turkus Index'!$A:$D,4,FALSE)),"NA",VLOOKUP("Inbred HIPS_"&CR$4&"_"&$CM49,'Turkus Index'!$A:$D,4,FALSE)) -> 482 | CT49: =IF(ISERROR(VLOOKUP("Inbred HIPS_"&CT$4&"_"&$CM49,'Turkus Index'!$A:$D,4,FALSE)),"NA",VLOOKUP("Inbred HIPS_"&CT$4&"_"&$CM49,'Turkus Index'!$A:$D,4,FALSE)) -> 483 | CV49: =IF(ISERROR(VLOOKUP("Inbred HIPS_"&CV$4&"_"&$CM49,'Turkus Index'!$A:$D,4,FALSE)),"NA",VLOOKUP("Inbred HIPS_"&CV$4&"_"&$CM49,'Turkus Index'!$A:$D,4,FALSE)) -> 484 | CX49: =IF(ISERROR(VLOOKUP("Inbred HIPS_"&CX$4&"_"&$CM49,'Turkus Index'!$A:$D,4,FALSE)),"NA",VLOOKUP("Inbred HIPS_"&CX$4&"_"&$CM49,'Turkus Index'!$A:$D,4,FALSE)) -> 485 | CZ49: =IF(ISERROR(VLOOKUP("Inbred HIPS_"&CZ$4&"_"&$CM49,'Turkus Index'!$A:$D,4,FALSE)),"NA",VLOOKUP("Inbred HIPS_"&CZ$4&"_"&$CM49,'Turkus Index'!$A:$D,4,FALSE)) -> 486 | DB49: =IF(ISERROR(VLOOKUP("Inbred HIPS_"&DB$4&"_"&$CM49,'Turkus Index'!$A:$D,4,FALSE)),"NA",VLOOKUP("Inbred HIPS_"&DB$4&"_"&$CM49,'Turkus Index'!$A:$D,4,FALSE)) -> 487 | DD49: =IF(ISERROR(VLOOKUP("Inbred HIPS_"&DD$4&"_"&$CM49,'Turkus Index'!$A:$D,4,FALSE)),"NA",VLOOKUP("Inbred HIPS_"&DD$4&"_"&$CM49,'Turkus Index'!$A:$D,4,FALSE)) -> 488 | DF49: =IF(ISERROR(VLOOKUP("Inbred HIPS_"&DF$4&"_"&$CM49,'Turkus Index'!$A:$D,4,FALSE)),"NA",VLOOKUP("Inbred HIPS_"&DF$4&"_"&$CM49,'Turkus Index'!$A:$D,4,FALSE)) -> 489 | DH49: =IF(ISERROR(VLOOKUP("Inbred HIPS_"&DH$4&"_"&$CM49,'Turkus Index'!$A:$D,4,FALSE)),"NA",VLOOKUP("Inbred HIPS_"&DH$4&"_"&$CM49,'Turkus Index'!$A:$D,4,FALSE)) -> 490 | DJ49: =IF(ISERROR(VLOOKUP("Inbred HIPS_"&DJ$4&"_"&$CM49,'Turkus Index'!$A:$D,4,FALSE)),"NA",VLOOKUP("Inbred HIPS_"&DJ$4&"_"&$CM49,'Turkus Index'!$A:$D,4,FALSE)) -> NA
CM50: 40 | CN50: =IF(ISERROR(VLOOKUP("Inbred HIPS_"&CN$4&"_"&$CM50,'Turkus Index'!$A:$D,4,FALSE)),"NA",VLOOKUP("Inbred HIPS_"&CN$4&"_"&$CM50,'Turkus Index'!$A:$D,4,FALSE)) -> NA | CP50: =IF(ISERROR(VLOOKUP("Inbred HIPS_"&CP$4&"_"&$CM50,'Turkus Index'!$A:$D,4,FALSE)),"NA",VLOOKUP("Inbred HIPS_"&CP$4&"_"&$CM50,'Turkus Index'!$A:$D,4,FALSE)) -> 480 | CR50: =IF(ISERROR(VLOOKUP("Inbred HIPS_"&CR$4&"_"&$CM50,'Turkus Index'!$A:$D,4,FALSE)),"NA",VLOOKUP("Inbred HIPS_"&CR$4&"_"&$CM50,'Turkus Index'!$A:$D,4,FALSE)) -> 479 | CT50: =IF(ISERROR(VLOOKUP("Inbred HIPS_"&CT$4&"_"&$CM50,'Turkus Index'!$A:$D,4,FALSE)),"NA",VLOOKUP("Inbred HIPS_"&CT$4&"_"&$CM50,'Turkus Index'!$A:$D,4,FALSE)) -> 478 | CV50: =IF(ISERROR(VLOOKUP("Inbred HIPS_"&CV$4&"_"&$CM50,'Turkus Index'!$A:$D,4,FALSE)),"NA",VLOOKUP("Inbred HIPS_"&CV$4&"_"&$CM50,'Turkus Index'!$A:$D,4,FALSE)) -> 477 | CX50: =IF(ISERROR(VLOOKUP("Inbred HIPS_"&CX$4&"_"&$CM50,'Turkus Index'!$A:$D,4,FALSE)),"NA",VLOOKUP("Inbred HIPS_"&CX$4&"_"&$CM50,'Turkus Index'!$A:$D,4,FALSE)) -> 476 | CZ50: =IF(ISERROR(VLOOKUP("Inbred HIPS_"&CZ$4&"_"&$CM50,'Turkus Index'!$A:$D,4,FALSE)),"NA",VLOOKUP("Inbred HIPS_"&CZ$4&"_"&$CM50,'Turkus Index'!$A:$D,4,FALSE)) -> 475 | DB50: =IF(ISERROR(VLOOKUP("Inbred HIPS_"&DB$4&"_"&$CM50,'Turkus Index'!$A:$D,4,FALSE)),"NA",VLOOKUP("Inbred HIPS_"&DB$4&"_"&$CM50,'Turkus Index'!$A:$D,4,FALSE)) -> 474 | DD50: =IF(ISERROR(VLOOKUP("Inbred HIPS_"&DD$4&"_"&$CM50,'Turkus Index'!$A:$D,4,FALSE)),"NA",VLOOKUP("Inbred HIPS_"&DD$4&"_"&$CM50,'Turkus Index'!$A:$D,4,FALSE)) -> 473 | DF50: =IF(ISERROR(VLOOKUP("Inbred HIPS_"&DF$4&"_"&$CM50,'Turkus Index'!$A:$D,4,FALSE)),"NA",VLOOKUP("Inbred HIPS_"&DF$4&"_"&$CM50,'Turkus Index'!$A:$D,4,FALSE)) -> 472 | DH50: =IF(ISERROR(VLOOKUP("Inbred HIPS_"&DH$4&"_"&$CM50,'Turkus Index'!$A:$D,4,FALSE)),"NA",VLOOKUP("Inbred HIPS_"&DH$4&"_"&$CM50,'Turkus Index'!$A:$D,4,FALSE)) -> 471 | DJ50: =IF(ISERROR(VLOOKUP("Inbred HIPS_"&DJ$4&"_"&$CM50,'Turkus Index'!$A:$D,4,FALSE)),"NA",VLOOKUP("Inbred HIPS_"&DJ$4&"_"&$CM50,'Turkus Index'!$A:$D,4,FALSE)) -> NA
CM51: 39 | CN51: =IF(ISERROR(VLOOKUP("Inbred HIPS_"&CN$4&"_"&$CM51,'Turkus Index'!$A:$D,4,FALSE)),"NA",VLOOKUP("Inbred HIPS_"&CN$4&"_"&$CM51,'Turkus Index'!$A:$D,4,FALSE)) -> NA | CP51: =IF(ISERROR(VLOOKUP("Inbred HIPS_"&CP$4&"_"&$CM51,'Turkus Index'!$A:$D,4,FALSE)),"NA",VLOOKUP("Inbred HIPS_"&CP$4&"_"&$CM51,'Turkus Index'!$A:$D,4,FALSE)) -> 461 | CR51: =IF(ISERROR(VLOOKUP("Inbred HIPS_"&CR$4&"_"&$CM51,'Turkus Index'!$A:$D,4,FALSE)),"NA",VLOOKUP("Inbred HIPS_"&CR$4&"_"&$CM51,'Turkus Index'!$A:$D,4,FALSE)) -> 462 | CT51: =IF(ISERROR(VLOOKUP("Inbred HIPS_"&CT$4&"_"&$CM51,'Turkus Index'!$A:$D,4,FALSE)),"NA",VLOOKUP("Inbred HIPS_"&CT$4&"_"&$CM51,'Turkus Index'!$A:$D,4,FALSE)) -> 463 | CV51: =IF(ISERROR(VLOOKUP("Inbred HIPS_"&CV$4&"_"&$CM51,'Turkus Index'!$A:$D,4,FALSE)),"NA",VLOOKUP("Inbred HIPS_"&CV$4&"_"&$CM51,'Turkus Index'!$A:$D,4,FALSE)) -> 464 | CX51: =IF(ISERROR(VLOOKUP("Inbred HIPS_"&CX$4&"_"&$CM51,'Turkus Index'!$A:$D,4,FALSE)),"NA",VLOOKUP("Inbred HIPS_"&CX$4&"_"&$CM51,'Turkus Index'!$A:$D,4,FALSE)) -> 465 | CZ51: =IF(ISERROR(VLOOKUP("Inbred HIPS_"&CZ$4&"_"&$CM51,'Turkus Index'!$A:$D,4,FALSE)),"NA",VLOOKUP("Inbred HIPS_"&CZ$4&"_"&$CM51,'Turkus Index'!$A:$D,4,FALSE)) -> 466 | DB51: =IF(ISERROR(VLOOKUP("Inbred HIPS_"&DB$4&"_"&$CM51,'Turkus Index'!$A:$D,4,FALSE)),"NA",VLOOKUP("Inbred HIPS_"&DB$4&"_"&$CM51,'Turkus Index'!$A:$D,4,FALSE)) -> 467 | DD51: =IF(ISERROR(VLOOKUP("Inbred HIPS_"&DD$4&"_"&$CM51,'Turkus Index'!$A:$D,4,FALSE)),"NA",VLOOKUP("Inbred HIPS_"&DD$4&"_"&$CM51,'Turkus Index'!$A:$D,4,FALSE)) -> 468 | DF51: =IF(ISERROR(VLOOKUP("Inbred HIPS_"&DF$4&"_"&$CM51,'Turkus Index'!$A:$D,4,FALSE)),"NA",VLOOKUP("Inbred HIPS_"&DF$4&"_"&$CM51,'Turkus Index'!$A:$D,4,FALSE)) -> 469 | DH51: =IF(ISERROR(VLOOKUP("Inbred HIPS_"&DH$4&"_"&$CM51,'Turkus Index'!$A:$D,4,FALSE)),"NA",VLOOKUP("Inbred HIPS_"&DH$4&"_"&$CM51,'Turkus Index'!$A:$D,4,FALSE)) -> 470 | DJ51: =IF(ISERROR(VLOOKUP("Inbred HIPS_"&DJ$4&"_"&$CM51,'Turkus Index'!$A:$D,4,FALSE)),"NA",VLOOKUP("Inbred HIPS_"&DJ$4&"_"&$CM51,'Turkus Index'!$A:$D,4,FALSE)) -> NA
CM52: 38 | CN52: =IF(ISERROR(VLOOKUP("Inbred HIPS_"&CN$4&"_"&$CM52,'Turkus Index'!$A:$D,4,FALSE)),"NA",VLOOKUP("Inbred HIPS_"&CN$4&"_"&$CM52,'Turkus Index'!$A:$D,4,FALSE)) -> NA | CP52: =IF(ISERROR(VLOOKUP("Inbred HIPS_"&CP$4&"_"&$CM52,'Turkus Index'!$A:$D,4,FALSE)),"NA",VLOOKUP("Inbred HIPS_"&CP$4&"_"&$CM52,'Turkus Index'!$A:$D,4,FALSE)) -> 460 | CR52: =IF(ISERROR(VLOOKUP("Inbred HIPS_"&CR$4&"_"&$CM52,'Turkus Index'!$A:$D,4,FALSE)),"NA",VLOOKUP("Inbred HIPS_"&CR$4&"_"&$CM52,'Turkus Index'!$A:$D,4,FALSE)) -> 459 | CT52: =IF(ISERROR(VLOOKUP("Inbred HIPS_"&CT$4&"_"&$CM52,'Turkus Index'!$A:$D,4,FALSE)),"NA",VLOOKUP("Inbred HIPS_"&CT$4&"_"&$CM52,'Turkus Index'!$A:$D,4,FALSE)) -> 458 | CV52: =IF(ISERROR(VLOOKUP("Inbred HIPS_"&CV$4&"_"&$CM52,'Turkus Index'!$A:$D,4,FALSE)),"NA",VLOOKUP("Inbred HIPS_"&CV$4&"_"&$CM52,'Turkus Index'!$A:$D,4,FALSE)) -> 457 | CX52: =IF(ISERROR(VLOOKUP("Inbred HIPS_"&CX$4&"_"&$CM52,'Turkus Index'!$A:$D,4,FALSE)),"NA",VLOOKUP("Inbred HIPS_"&CX$4&"_"&$CM52,'Turkus Index'!$A:$D,4,FALSE)) -> 456 | CZ52: =IF(ISERROR(VLOOKUP("Inbred HIPS_"&CZ$4&"_"&$CM52,'Turkus Index'!$A:$D,4,FALSE)),"NA",VLOOKUP("Inbred HIPS_"&CZ$4&"_"&$CM52,'Turkus Index'!$A:$D,4,FALSE)) -> 455 | DB52: =IF(ISERROR(VLOOKUP("Inbred HIPS_"&DB$4&"_"&$CM52,'Turkus Index'!$A:$D,4,FALSE)),"NA",VLOOKUP("Inbred HIPS_"&DB$4&"_"&$CM52,'Turkus Index'!$A:$D,4,FALSE)) -> 454 | DD52: =IF(ISERROR(VLOOKUP("Inbred HIPS_"&DD$4&"_"&$CM52,'Turkus Index'!$A:$D,4,FALSE)),"NA",VLOOKUP("Inbred HIPS_"&DD$4&"_"&$CM52,'Turkus Index'!$A:$D,4,FALSE)) -> 453 | DF52: =IF(ISERROR(VLOOKUP("Inbred HIPS_"&DF$4&"_"&$CM52,'Turkus Index'!$A:$D,4,FALSE)),"NA",VLOOKUP("Inbred HIPS_"&DF$4&"_"&$CM52,'Turkus Index'!$A:$D,4,FALSE)) -> 452 | DH52: =IF(ISERROR(VLOOKUP("Inbred HIPS_"&DH$4&"_"&$CM52,'Turkus Index'!$A:$D,4,FALSE)),"NA",VLOOKUP("Inbred HIPS_"&DH$4&"_"&$CM52,'Turkus Index'!$A:$D,4,FALSE)) -> 451 | DJ52: =IF(ISERROR(VLOOKUP("Inbred HIPS_"&DJ$4&"_"&$CM52,'Turkus Index'!$A:$D,4,FALSE)),"NA",VLOOKUP("Inbred HIPS_"&DJ$4&"_"&$CM52,'Turkus Index'!$A:$D,4,FALSE)) -> NA
CM53: 37 | CN53: =IF(ISERROR(VLOOKUP("Inbred HIPS_"&CN$4&"_"&$CM53,'Turkus Index'!$A:$D,4,FALSE)),"NA",VLOOKUP("Inbred HIPS_"&CN$4&"_"&$CM53,'Turkus Index'!$A:$D,4,FALSE)) -> NA | CP53: =IF(ISERROR(VLOOKUP("Inbred HIPS_"&CP$4&"_"&$CM53,'Turkus Index'!$A:$D,4,FALSE)),"NA",VLOOKUP("Inbred HIPS_"&CP$4&"_"&$CM53,'Turkus Index'!$A:$D,4,FALSE)) -> 441 | CR53: =IF(ISERROR(VLOOKUP("Inbred HIPS_"&CR$4&"_"&$CM53,'Turkus Index'!$A:$D,4,FALSE)),"NA",VLOOKUP("Inbred HIPS_"&CR$4&"_"&$CM53,'Turkus Index'!$A:$D,4,FALSE)) -> 442 | CT53: =IF(ISERROR(VLOOKUP("Inbred HIPS_"&CT$4&"_"&$CM53,'Turkus Index'!$A:$D,4,FALSE)),"NA",VLOOKUP("Inbred HIPS_"&CT$4&"_"&$CM53,'Turkus Index'!$A:$D,4,FALSE)) -> 443 | CV53: =IF(ISERROR(VLOOKUP("Inbred HIPS_"&CV$4&"_"&$CM53,'Turkus Index'!$A:$D,4,FALSE)),"NA",VLOOKUP("Inbred HIPS_"&CV$4&"_"&$CM53,'Turkus Index'!$A:$D,4,FALSE)) -> 444 | CX53: =IF(ISERROR(VLOOKUP("Inbred HIPS_"&CX$4&"_"&$CM53,'Turkus Index'!$A:$D,4,FALSE)),"NA",VLOOKUP("Inbred HIPS_"&CX$4&"_"&$CM53,'Turkus Index'!$A:$D,4,FALSE)) -> 445 | CZ53: =IF(ISERROR(VLOOKUP("Inbred HIPS_"&CZ$4&"_"&$CM53,'Turkus Index'!$A:$D,4,FALSE)),"NA",VLOOKUP("Inbred HIPS_"&CZ$4&"_"&$CM53,'Turkus Index'!$A:$D,4,FALSE)) -> 446 | DB53: =IF(ISERROR(VLOOKUP("Inbred HIPS_"&DB$4&"_"&$CM53,'Turkus Index'!$A:$D,4,FALSE)),"NA",VLOOKUP("Inbred HIPS_"&DB$4&"_"&$CM53,'Turkus Index'!$A:$D,4,FALSE)) -> 447 | DD53: =IF(ISERROR(VLOOKUP("Inbred HIPS_"&DD$4&"_"&$CM53,'Turkus Index'!$A:$D,4,FALSE)),"NA",VLOOKUP("Inbred HIPS_"&DD$4&"_"&$CM53,'Turkus Index'!$A:$D,4,FALSE)) -> 448 | DF53: =IF(ISERROR(VLOOKUP("Inbred HIPS_"&DF$4&"_"&$CM53,'Turkus Index'!$A:$D,4,FALSE)),"NA",VLOOKUP("Inbred HIPS_"&DF$4&"_"&$CM53,'Turkus Index'!$A:$D,4,FALSE)) -> 449 | DH53: =IF(ISERROR(VLOOKUP("Inbred HIPS_"&DH$4&"_"&$CM53,'Turkus Index'!$A:$D,4,FALSE)),"NA",VLOOKUP("Inbred HIPS_"&DH$4&"_"&$CM53,'Turkus Index'!$A:$D,4,FALSE)) -> 450 | DJ53: =IF(ISERROR(VLOOKUP("Inbred HIPS_"&DJ$4&"_"&$CM53,'Turkus Index'!$A:$D,4,FALSE)),"NA",VLOOKUP("Inbred HIPS_"&DJ$4&"_"&$CM53,'Turkus Index'!$A:$D,4,FALSE)) -> NA
CM54: 36 | CN54: =IF(ISERROR(VLOOKUP("Inbred HIPS_"&CN$4&"_"&$CM54,'Turkus Index'!$A:$D,4,FALSE)),"NA",VLOOKUP("Inbred HIPS_"&CN$4&"_"&$CM54,'Turkus Index'!$A:$D,4,FALSE)) -> NA | CP54: =IF(ISERROR(VLOOKUP("Inbred HIPS_"&CP$4&"_"&$CM54,'Turkus Index'!$A:$D,4,FALSE)),"NA",VLOOKUP("Inbred HIPS_"&CP$4&"_"&$CM54,'Turkus Index'!$A:$D,4,FALSE)) -> 440 | CR54: =IF(ISERROR(VLOOKUP("Inbred HIPS_"&CR$4&"_"&$CM54,'Turkus Index'!$A:$D,4,FALSE)),"NA",VLOOKUP("Inbred HIPS_"&CR$4&"_"&$CM54,'Turkus Index'!$A:$D,4,FALSE)) -> 439 | CT54: =IF(ISERROR(VLOOKUP("Inbred HIPS_"&CT$4&"_"&$CM54,'Turkus Index'!$A:$D,4,FALSE)),"NA",VLOOKUP("Inbred HIPS_"&CT$4&"_"&$CM54,'Turkus Index'!$A:$D,4,FALSE)) -> 438 | CV54: =IF(ISERROR(VLOOKUP("Inbred HIPS_"&CV$4&"_"&$CM54,'Turkus Index'!$A:$D,4,FALSE)),"NA",VLOOKUP("Inbred HIPS_"&CV$4&"_"&$CM54,'Turkus Index'!$A:$D,4,FALSE)) -> 437 | CX54: =IF(ISERROR(VLOOKUP("Inbred HIPS_"&CX$4&"_"&$CM54,'Turkus Index'!$A:$D,4,FALSE)),"NA",VLOOKUP("Inbred HIPS_"&CX$4&"_"&$CM54,'Turkus Index'!$A:$D,4,FALSE)) -> 436 | CZ54: =IF(ISERROR(VLOOKUP("Inbred HIPS_"&CZ$4&"_"&$CM54,'Turkus Index'!$A:$D,4,FALSE)),"NA",VLOOKUP("Inbred HIPS_"&CZ$4&"_"&$CM54,'Turkus Index'!$A:$D,4,FALSE)) -> 435 | DB54: =IF(ISERROR(VLOOKUP("Inbred HIPS_"&DB$4&"_"&$CM54,'Turkus Index'!$A:$D,4,FALSE)),"NA",VLOOKUP("Inbred HIPS_"&DB$4&"_"&$CM54,'Turkus Index'!$A:$D,4,FALSE)) -> 434 | DD54: =IF(ISERROR(VLOOKUP("Inbred HIPS_"&DD$4&"_"&$CM54,'Turkus Index'!$A:$D,4,FALSE)),"NA",VLOOKUP("Inbred HIPS_"&DD$4&"_"&$CM54,'Turkus Index'!$A:$D,4,FALSE)) -> 433 | DF54: =IF(ISERROR(VLOOKUP("Inbred HIPS_"&DF$4&"_"&$CM54,'Turkus Index'!$A:$D,4,FALSE)),"NA",VLOOKUP("Inbred HIPS_"&DF$4&"_"&$CM54,'Turkus Index'!$A:$D,4,FALSE)) -> 432 | DH54: =IF(ISERROR(VLOOKUP("Inbred HIPS_"&DH$4&"_"&$CM54,'Turkus Index'!$A:$D,4,FALSE)),"NA",VLOOKUP("Inbred HIPS_"&DH$4&"_"&$CM54,'Turkus Index'!$A:$D,4,FALSE)) -> 431 | DJ54: =IF(ISERROR(VLOOKUP("Inbred HIPS_"&DJ$4&"_"&$CM54,'Turkus Index'!$A:$D,4,FALSE)),"NA",VLOOKUP("Inbred HIPS_"&DJ$4&"_"&$CM54,'Turkus Index'!$A:$D,4,FALSE)) -> NA
CM55: 35 | CN55: =IF(ISERROR(VLOOKUP("Inbred HIPS_"&CN$4&"_"&$CM55,'Turkus Index'!$A:$D,4,FALSE)),"NA",VLOOKUP("Inbred HIPS_"&CN$4&"_"&$CM55,'Turkus Index'!$A:$D,4,FALSE)) -> NA | CP55: =IF(ISERROR(VLOOKUP("Inbred HIPS_"&CP$4&"_"&$CM55,'Turkus Index'!$A:$D,4,FALSE)),"NA",VLOOKUP("Inbred HIPS_"&CP$4&"_"&$CM55,'Turkus Index'!$A:$D,4,FALSE)) -> 421 | CR55: =IF(ISERROR(VLOOKUP("Inbred HIPS_"&CR$4&"_"&$CM55,'Turkus Index'!$A:$D,4,FALSE)),"NA",VLOOKUP("Inbred HIPS_"&CR$4&"_"&$CM55,'Turkus Index'!$A:$D,4,FALSE)) -> 422 | CT55: =IF(ISERROR(VLOOKUP("Inbred HIPS_"&CT$4&"_"&$CM55,'Turkus Index'!$A:$D,4,FALSE)),"NA",VLOOKUP("Inbred HIPS_"&CT$4&"_"&$CM55,'Turkus Index'!$A:$D,4,FALSE)) -> 423 | CV55: =IF(ISERROR(VLOOKUP("Inbred HIPS_"&CV$4&"_"&$CM55,'Turkus Index'!$A:$D,4,FALSE)),"NA",VLOOKUP("Inbred HIPS_"&CV$4&"_"&$CM55,'Turkus Index'!$A:$D,4,FALSE)) -> 424 | CX55: =IF(ISERROR(VLOOKUP("Inbred HIPS_"&CX$4&"_"&$CM55,'Turkus Index'!$A:$D,4,FALSE)),"NA",VLOOKUP("Inbred HIPS_"&CX$4&"_"&$CM55,'Turkus Index'!$A:$D,4,FALSE)) -> 425 | CZ55: =IF(ISERROR(VLOOKUP("Inbred HIPS_"&CZ$4&"_"&$CM55,'Turkus Index'!$A:$D,4,FALSE)),"NA",VLOOKUP("Inbred HIPS_"&CZ$4&"_"&$CM55,'Turkus Index'!$A:$D,4,FALSE)) -> 426 | DB55: =IF(ISERROR(VLOOKUP("Inbred HIPS_"&DB$4&"_"&$CM55,'Turkus Index'!$A:$D,4,FALSE)),"NA",VLOOKUP("Inbred HIPS_"&DB$4&"_"&$CM55,'Turkus Index'!$A:$D,4,FALSE)) -> 427 | DD55: =IF(ISERROR(VLOOKUP("Inbred HIPS_"&DD$4&"_"&$CM55,'Turkus Index'!$A:$D,4,FALSE)),"NA",VLOOKUP("Inbred HIPS_"&DD$4&"_"&$CM55,'Turkus Index'!$A:$D,4,FALSE)) -> 428 | DF55: =IF(ISERROR(VLOOKUP("Inbred HIPS_"&DF$4&"_"&$CM55,'Turkus Index'!$A:$D,4,FALSE)),"NA",VLOOKUP("Inbred HIPS_"&DF$4&"_"&$CM55,'Turkus Index'!$A:$D,4,FALSE)) -> 429 | DH55: =IF(ISERROR(VLOOKUP("Inbred HIPS_"&DH$4&"_"&$CM55,'Turkus Index'!$A:$D,4,FALSE)),"NA",VLOOKUP("Inbred HIPS_"&DH$4&"_"&$CM55,'Turkus Index'!$A:$D,4,FALSE)) -> 430 | DJ55: =IF(ISERROR(VLOOKUP("Inbred HIPS_"&DJ$4&"_"&$CM55,'Turkus Index'!$A:$D,4,FALSE)),"NA",VLOOKUP("Inbred HIPS_"&DJ$4&"_"&$CM55,'Turkus Index'!$A:$D,4,FALSE)) -> NA
CM56: 34 | CN56: =IF(ISERROR(VLOOKUP("Inbred HIPS_"&CN$4&"_"&$CM56,'Turkus Index'!$A:$D,4,FALSE)),"NA",VLOOKUP("Inbred HIPS_"&CN$4&"_"&$CM56,'Turkus Index'!$A:$D,4,FALSE)) -> NA | CP56: =IF(ISERROR(VLOOKUP("Inbred HIPS_"&CP$4&"_"&$CM56,'Turkus Index'!$A:$D,4,FALSE)),"NA",VLOOKUP("Inbred HIPS_"&CP$4&"_"&$CM56,'Turkus Index'!$A:$D,4,FALSE)) -> 420 | CR56: =IF(ISERROR(VLOOKUP("Inbred HIPS_"&CR$4&"_"&$CM56,'Turkus Index'!$A:$D,4,FALSE)),"NA",VLOOKUP("Inbred HIPS_"&CR$4&"_"&$CM56,'Turkus Index'!$A:$D,4,FALSE)) -> 419 | CT56: =IF(ISERROR(VLOOKUP("Inbred HIPS_"&CT$4&"_"&$CM56,'Turkus Index'!$A:$D,4,FALSE)),"NA",VLOOKUP("Inbred HIPS_"&CT$4&"_"&$CM56,'Turkus Index'!$A:$D,4,FALSE)) -> 418 | CV56: =IF(ISERROR(VLOOKUP("Inbred HIPS_"&CV$4&"_"&$CM56,'Turkus Index'!$A:$D,4,FALSE)),"NA",VLOOKUP("Inbred HIPS_"&CV$4&"_"&$CM56,'Turkus Index'!$A:$D,4,FALSE)) -> 417 | CX56: =IF(ISERROR(VLOOKUP("Inbred HIPS_"&CX$4&"_"&$CM56,'Turkus Index'!$A:$D,4,FALSE)),"NA",VLOOKUP("Inbred HIPS_"&CX$4&"_"&$CM56,'Turkus Index'!$A:$D,4,FALSE)) -> 416 | CZ56: =IF(ISERROR(VLOOKUP("Inbred HIPS_"&CZ$4&"_"&$CM56,'Turkus Index'!$A:$D,4,FALSE)),"NA",VLOOKUP("Inbred HIPS_"&CZ$4&"_"&$CM56,'Turkus Index'!$A:$D,4,FALSE)) -> 415 | DB56: =IF(ISERROR(VLOOKUP("Inbred HIPS_"&DB$4&"_"&$CM56,'Turkus Index'!$A:$D,4,FALSE)),"NA",VLOOKUP("Inbred HIPS_"&DB$4&"_"&$CM56,'Turkus Index'!$A:$D,4,FALSE)) -> 414 | DD56: =IF(ISERROR(VLOOKUP("Inbred HIPS_"&DD$4&"_"&$CM56,'Turkus Index'!$A:$D,4,FALSE)),"NA",VLOOKUP("Inbred HIPS_"&DD$4&"_"&$CM56,'Turkus Index'!$A:$D,4,FALSE)) -> 413 | DF56: =IF(ISERROR(VLOOKUP("Inbred HIPS_"&DF$4&"_"&$CM56,'Turkus Index'!$A:$D,4,FALSE)),"NA",VLOOKUP("Inbred HIPS_"&DF$4&"_"&$CM56,'Turkus Index'!$A:$D,4,FALSE)) -> 412 | DH56: =IF(ISERROR(VLOOKUP("Inbred HIPS_"&DH$4&"_"&$CM56,'Turkus Index'!$A:$D,4,FALSE)),"NA",VLOOKUP("Inbred HIPS_"&DH$4&"_"&$CM56,'Turkus Index'!$A:$D,4,FALSE)) -> 411 | DJ56: =IF(ISERROR(VLOOKUP("Inbred HIPS_"&DJ$4&"_"&$CM56,'Turkus Index'!$A:$D,4,FALSE)),"NA",VLOOKUP("Inbred HIPS_"&DJ$4&"_"&$CM56,'Turkus Index'!$A:$D,4,FALSE)) -> NA
CM57: 33 | CN57: =IF(ISERROR(VLOOKUP("Inbred HIPS_"&CN$4&"_"&$CM57,'Turkus Index'!$A:$D,4,FALSE)),"NA",VLOOKUP("Inbred HIPS_"&CN$4&"_"&$CM57,'Turkus Index'!$A:$D,4,FALSE)) -> NA | CP57: =IF(ISERROR(VLOOKUP("Inbred HIPS_"&CP$4&"_"&$CM57,'Turkus Index'!$A:$D,4,FALSE)),"NA",VLOOKUP("Inbred HIPS_"&CP$4&"_"&$CM57,'Turkus Index'!$A:$D,4,FALSE)) -> 401 | CR57: =IF(ISERROR(VLOOKUP("Inbred HIPS_"&CR$4&"_"&$CM57,'Turkus Index'!$A:$D,4,FALSE)),"NA",VLOOKUP("Inbred HIPS_"&CR$4&"_"&$CM57,'Turkus Index'!$A:$D,4,FALSE)) -> 402 | CT57: =IF(ISERROR(VLOOKUP("Inbred HIPS_"&CT$4&"_"&$CM57,'Turkus Index'!$A:$D,4,FALSE)),"NA",VLOOKUP("Inbred HIPS_"&CT$4&"_"&$CM57,'Turkus Index'!$A:$D,4,FALSE)) -> 403 | CV57: =IF(ISERROR(VLOOKUP("Inbred HIPS_"&CV$4&"_"&$CM57,'Turkus Index'!$A:$D,4,FALSE)),"NA",VLOOKUP("Inbred HIPS_"&CV$4&"_"&$CM57,'Turkus Index'!$A:$D,4,FALSE)) -> 404 | CX57: =IF(ISERROR(VLOOKUP("Inbred HIPS_"&CX$4&"_"&$CM57,'Turkus Index'!$A:$D,4,FALSE)),"NA",VLOOKUP("Inbred HIPS_"&CX$4&"_"&$CM57,'Turkus Index'!$A:$D,4,FALSE)) -> 405 | CZ57: =IF(ISERROR(VLOOKUP("Inbred HIPS_"&CZ$4&"_"&$CM57,'Turkus Index'!$A:$D,4,FALSE)),"NA",VLOOKUP("Inbred HIPS_"&CZ$4&"_"&$CM57,'Turkus Index'!$A:$D,4,FALSE)) -> 406 | DB57: =IF(ISERROR(VLOOKUP("Inbred HIPS_"&DB$4&"_"&$CM57,'Turkus Index'!$A:$D,4,FALSE)),"NA",VLOOKUP("Inbred HIPS_"&DB$4&"_"&$CM57,'Turkus Index'!$A:$D,4,FALSE)) -> 407 | DD57: =IF(ISERROR(VLOOKUP("Inbred HIPS_"&DD$4&"_"&$CM57,'Turkus Index'!$A:$D,4,FALSE)),"NA",VLOOKUP("Inbred HIPS_"&DD$4&"_"&$CM57,'Turkus Index'!$A:$D,4,FALSE)) -> 408 | DF57: =IF(ISERROR(VLOOKUP("Inbred HIPS_"&DF$4&"_"&$CM57,'Turkus Index'!$A:$D,4,FALSE)),"NA",VLOOKUP("Inbred HIPS_"&DF$4&"_"&$CM57,'Turkus Index'!$A:$D,4,FALSE)) -> 409 | DH57: =IF(ISERROR(VLOOKUP("Inbred HIPS_"&DH$4&"_"&$CM57,'Turkus Index'!$A:$D,4,FALSE)),"NA",VLOOKUP("Inbred HIPS_"&DH$4&"_"&$CM57,'Turkus Index'!$A:$D,4,FALSE)) -> 410 | DJ57: =IF(ISERROR(VLOOKUP("Inbred HIPS_"&DJ$4&"_"&$CM57,'Turkus Index'!$A:$D,4,FALSE)),"NA",VLOOKUP("Inbred HIPS_"&DJ$4&"_"&$CM57,'Turkus Index'!$A:$D,4,FALSE)) -> NA
CM58: 32 | CN58: =IF(ISERROR(VLOOKUP("Inbred HIPS_"&CN$4&"_"&$CM58,'Turkus Index'!$A:$D,4,FALSE)),"NA",VLOOKUP("Inbred HIPS_"&CN$4&"_"&$CM58,'Turkus Index'!$A:$D,4,FALSE)) -> NA | CP58: =IF(ISERROR(VLOOKUP("Inbred HIPS_"&CP$4&"_"&$CM58,'Turkus Index'!$A:$D,4,FALSE)),"NA",VLOOKUP("Inbred HIPS_"&CP$4&"_"&$CM58,'Turkus Index'!$A:$D,4,FALSE)) -> 400 | CR58: =IF(ISERROR(VLOOKUP("Inbred HIPS_"&CR$4&"_"&$CM58,'Turkus Index'!$A:$D,4,FALSE)),"NA",VLOOKUP("Inbred HIPS_"&CR$4&"_"&$CM58,'Turkus Index'!$A:$D,4,FALSE)) -> 399 | CT58: =IF(ISERROR(VLOOKUP("Inbred HIPS_"&CT$4&"_"&$CM58,'Turkus Index'!$A:$D,4,FALSE)),"NA",VLOOKUP("Inbred HIPS_"&CT$4&"_"&$CM58,'Turkus Index'!$A:$D,4,FALSE)) -> 398 | CV58: =IF(ISERROR(VLOOKUP("Inbred HIPS_"&CV$4&"_"&$CM58,'Turkus Index'!$A:$D,4,FALSE)),"NA",VLOOKUP("Inbred HIPS_"&CV$4&"_"&$CM58,'Turkus Index'!$A:$D,4,FALSE)) -> 397 | CX58: =IF(ISERROR(VLOOKUP("Inbred HIPS_"&CX$4&"_"&$CM58,'Turkus Index'!$A:$D,4,FALSE)),"NA",VLOOKUP("Inbred HIPS_"&CX$4&"_"&$CM58,'Turkus Index'!$A:$D,4,FALSE)) -> 396 | CZ58: =IF(ISERROR(VLOOKUP("Inbred HIPS_"&CZ$4&"_"&$CM58,'Turkus Index'!$A:$D,4,FALSE)),"NA",VLOOKUP("Inbred HIPS_"&CZ$4&"_"&$CM58,'Turkus Index'!$A:$D,4,FALSE)) -> 395 | DB58: =IF(ISERROR(VLOOKUP("Inbred HIPS_"&DB$4&"_"&$CM58,'Turkus Index'!$A:$D,4,FALSE)),"NA",VLOOKUP("Inbred HIPS_"&DB$4&"_"&$CM58,'Turkus Index'!$A:$D,4,FALSE)) -> 394 | DD58: =IF(ISERROR(VLOOKUP("Inbred HIPS_"&DD$4&"_"&$CM58,'Turkus Index'!$A:$D,4,FALSE)),"NA",VLOOKUP("Inbred HIPS_"&DD$4&"_"&$CM58,'Turkus Index'!$A:$D,4,FALSE)) -> 393 | DF58: =IF(ISERROR(VLOOKUP("Inbred HIPS_"&DF$4&"_"&$CM58,'Turkus Index'!$A:$D,4,FALSE)),"NA",VLOOKUP("Inbred HIPS_"&DF$4&"_"&$CM58,'Turkus Index'!$A:$D,4,FALSE)) -> 392 | DH58: =IF(ISERROR(VLOOKUP("Inbred HIPS_"&DH$4&"_"&$CM58,'Turkus Index'!$A:$D,4,FALSE)),"NA",VLOOKUP("Inbred HIPS_"&DH$4&"_"&$CM58,'Turkus Index'!$A:$D,4,FALSE)) -> 391 | DJ58: =IF(ISERROR(VLOOKUP("Inbred HIPS_"&DJ$4&"_"&$CM58,'Turkus Index'!$A:$D,4,FALSE)),"NA",VLOOKUP("Inbred HIPS_"&DJ$4&"_"&$CM58,'Turkus Index'!$A:$D,4,FALSE)) -> NA
CM59: 31 | CN59: =IF(ISERROR(VLOOKUP("Inbred HIPS_"&CN$4&"_"&$CM59,'Turkus Index'!$A:$D,4,FALSE)),"NA",VLOOKUP("Inbred HIPS_"&CN$4&"_"&$CM59,'Turkus Index'!$A:$D,4,FALSE)) -> NA | CP59: =IF(ISERROR(VLOOKUP("Inbred HIPS_"&CP$4&"_"&$CM59,'Turkus Index'!$A:$D,4,FALSE)),"NA",VLOOKUP("Inbred HIPS_"&CP$4&"_"&$CM59,'Turkus Index'!$A:$D,4,FALSE)) -> 381 | CR59: =IF(ISERROR(VLOOKUP("Inbred HIPS_"&CR$4&"_"&$CM59,'Turkus Index'!$A:$D,4,FALSE)),"NA",VLOOKUP("Inbred HIPS_"&CR$4&"_"&$CM59,'Turkus Index'!$A:$D,4,FALSE)) -> 382 | CT59: =IF(ISERROR(VLOOKUP("Inbred HIPS_"&CT$4&"_"&$CM59,'Turkus Index'!$A:$D,4,FALSE)),"NA",VLOOKUP("Inbred HIPS_"&CT$4&"_"&$CM59,'Turkus Index'!$A:$D,4,FALSE)) -> 383 | CV59: =IF(ISERROR(VLOOKUP("Inbred HIPS_"&CV$4&"_"&$CM59,'Turkus Index'!$A:$D,4,FALSE)),"NA",VLOOKUP("Inbred HIPS_"&CV$4&"_"&$CM59,'Turkus Index'!$A:$D,4,FALSE)) -> 384 | CX59: =IF(ISERROR(VLOOKUP("Inbred HIPS_"&CX$4&"_"&$CM59,'Turkus Index'!$A:$D,4,FALSE)),"NA",VLOOKUP("Inbred HIPS_"&CX$4&"_"&$CM59,'Turkus Index'!$A:$D,4,FALSE)) -> 385 | CZ59: =IF(ISERROR(VLOOKUP("Inbred HIPS_"&CZ$4&"_"&$CM59,'Turkus Index'!$A:$D,4,FALSE)),"NA",VLOOKUP("Inbred HIPS_"&CZ$4&"_"&$CM59,'Turkus Index'!$A:$D,4,FALSE)) -> 386 | DB59: =IF(ISERROR(VLOOKUP("Inbred HIPS_"&DB$4&"_"&$CM59,'Turkus Index'!$A:$D,4,FALSE)),"NA",VLOOKUP("Inbred HIPS_"&DB$4&"_"&$CM59,'Turkus Index'!$A:$D,4,FALSE)) -> 387 | DD59: =IF(ISERROR(VLOOKUP("Inbred HIPS_"&DD$4&"_"&$CM59,'Turkus Index'!$A:$D,4,FALSE)),"NA",VLOOKUP("Inbred HIPS_"&DD$4&"_"&$CM59,'Turkus Index'!$A:$D,4,FALSE)) -> 388 | DF59: =IF(ISERROR(VLOOKUP("Inbred HIPS_"&DF$4&"_"&$CM59,'Turkus Index'!$A:$D,4,FALSE)),"NA",VLOOKUP("Inbred HIPS_"&DF$4&"_"&$CM59,'Turkus Index'!$A:$D,4,FALSE)) -> 389 | DH59: =IF(ISERROR(VLOOKUP("Inbred HIPS_"&DH$4&"_"&$CM59,'Turkus Index'!$A:$D,4,FALSE)),"NA",VLOOKUP("Inbred HIPS_"&DH$4&"_"&$CM59,'Turkus Index'!$A:$D,4,FALSE)) -> 390 | DJ59: =IF(ISERROR(VLOOKUP("Inbred HIPS_"&DJ$4&"_"&$CM59,'Turkus Index'!$A:$D,4,FALSE)),"NA",VLOOKUP("Inbred HIPS_"&DJ$4&"_"&$CM59,'Turkus Index'!$A:$D,4,FALSE)) -> NA
CM60: 30 | CN60: =IF(ISERROR(VLOOKUP("Inbred HIPS_"&CN$4&"_"&$CM60,'Turkus Index'!$A:$D,4,FALSE)),"NA",VLOOKUP("Inbred HIPS_"&CN$4&"_"&$CM60,'Turkus Index'!$A:$D,4,FALSE)) -> NA | CP60: =IF(ISERROR(VLOOKUP("Inbred HIPS_"&CP$4&"_"&$CM60,'Turkus Index'!$A:$D,4,FALSE)),"NA",VLOOKUP("Inbred HIPS_"&CP$4&"_"&$CM60,'Turkus Index'!$A:$D,4,FALSE)) -> 380 | CR60: =IF(ISERROR(VLOOKUP("Inbred HIPS_"&CR$4&"_"&$CM60,'Turkus Index'!$A:$D,4,FALSE)),"NA",VLOOKUP("Inbred HIPS_"&CR$4&"_"&$CM60,'Turkus Index'!$A:$D,4,FALSE)) -> 379 | CT60: =IF(ISERROR(VLOOKUP("Inbred HIPS_"&CT$4&"_"&$CM60,'Turkus Index'!$A:$D,4,FALSE)),"NA",VLOOKUP("Inbred HIPS_"&CT$4&"_"&$CM60,'Turkus Index'!$A:$D,4,FALSE)) -> 378 | CV60: =IF(ISERROR(VLOOKUP("Inbred HIPS_"&CV$4&"_"&$CM60,'Turkus Index'!$A:$D,4,FALSE)),"NA",VLOOKUP("Inbred HIPS_"&CV$4&"_"&$CM60,'Turkus Index'!$A:$D,4,FALSE)) -> 377 | CX60: =IF(ISERROR(VLOOKUP("Inbred HIPS_"&CX$4&"_"&$CM60,'Turkus Index'!$A:$D,4,FALSE)),"NA",VLOOKUP("Inbred HIPS_"&CX$4&"_"&$CM60,'Turkus Index'!$A:$D,4,FALSE)) -> 376 | CZ60: =IF(ISERROR(VLOOKUP("Inbred HIPS_"&CZ$4&"_"&$CM60,'Turkus Index'!$A:$D,4,FALSE)),"NA",VLOOKUP("Inbred HIPS_"&CZ$4&"_"&$CM60,'Turkus Index'!$A:$D,4,FALSE)) -> 375 | DB60: =IF(ISERROR(VLOOKUP("Inbred HIPS_"&DB$4&"_"&$CM60,'Turkus Index'!$A:$D,4,FALSE)),"NA",VLOOKUP("Inbred HIPS_"&DB$4&"_"&$CM60,'Turkus Index'!$A:$D,4,FALSE)) -> 374 | DD60: =IF(ISERROR(VLOOKUP("Inbred HIPS_"&DD$4&"_"&$CM60,'Turkus Index'!$A:$D,4,FALSE)),"NA",VLOOKUP("Inbred HIPS_"&DD$4&"_"&$CM60,'Turkus Index'!$A:$D,4,FALSE)) -> 373 | DF60: =IF(ISERROR(VLOOKUP("Inbred HIPS_"&DF$4&"_"&$CM60,'Turkus Index'!$A:$D,4,FALSE)),"NA",VLOOKUP("Inbred HIPS_"&DF$4&"_"&$CM60,'Turkus Index'!$A:$D,4,FALSE)) -> 372 | DH60: =IF(ISERROR(VLOOKUP("Inbred HIPS_"&DH$4&"_"&$CM60,'Turkus Index'!$A:$D,4,FALSE)),"NA",VLOOKUP("Inbred HIPS_"&DH$4&"_"&$CM60,'Turkus Index'!$A:$D,4,FALSE)) -> 371 | DJ60: =IF(ISERROR(VLOOKUP("Inbred HIPS_"&DJ$4&"_"&$CM60,'Turkus Index'!$A:$D,4,FALSE)),"NA",VLOOKUP("Inbred HIPS_"&DJ$4&"_"&$CM60,'Turkus Index'!$A:$D,4,FALSE)) -> NA
CM61: 29 | CN61: =IF(ISERROR(VLOOKUP("Inbred HIPS_"&CN$4&"_"&$CM61,'Turkus Index'!$A:$D,4,FALSE)),"NA",VLOOKUP("Inbred HIPS_"&CN$4&"_"&$CM61,'Turkus Index'!$A:$D,4,FALSE)) -> NA | CP61: =IF(ISERROR(VLOOKUP("Inbred HIPS_"&CP$4&"_"&$CM61,'Turkus Index'!$A:$D,4,FALSE)),"NA",VLOOKUP("Inbred HIPS_"&CP$4&"_"&$CM61,'Turkus Index'!$A:$D,4,FALSE)) -> 361 | CR61: =IF(ISERROR(VLOOKUP("Inbred HIPS_"&CR$4&"_"&$CM61,'Turkus Index'!$A:$D,4,FALSE)),"NA",VLOOKUP("Inbred HIPS_"&CR$4&"_"&$CM61,'Turkus Index'!$A:$D,4,FALSE)) -> 362 | CT61: =IF(ISERROR(VLOOKUP("Inbred HIPS_"&CT$4&"_"&$CM61,'Turkus Index'!$A:$D,4,FALSE)),"NA",VLOOKUP("Inbred HIPS_"&CT$4&"_"&$CM61,'Turkus Index'!$A:$D,4,FALSE)) -> 363 | CV61: =IF(ISERROR(VLOOKUP("Inbred HIPS_"&CV$4&"_"&$CM61,'Turkus Index'!$A:$D,4,FALSE)),"NA",VLOOKUP("Inbred HIPS_"&CV$4&"_"&$CM61,'Turkus Index'!$A:$D,4,FALSE)) -> 364 | CX61: =IF(ISERROR(VLOOKUP("Inbred HIPS_"&CX$4&"_"&$CM61,'Turkus Index'!$A:$D,4,FALSE)),"NA",VLOOKUP("Inbred HIPS_"&CX$4&"_"&$CM61,'Turkus Index'!$A:$D,4,FALSE)) -> 365 | CZ61: =IF(ISERROR(VLOOKUP("Inbred HIPS_"&CZ$4&"_"&$CM61,'Turkus Index'!$A:$D,4,FALSE)),"NA",VLOOKUP("Inbred HIPS_"&CZ$4&"_"&$CM61,'Turkus Index'!$A:$D,4,FALSE)) -> 366 | DB61: =IF(ISERROR(VLOOKUP("Inbred HIPS_"&DB$4&"_"&$CM61,'Turkus Index'!$A:$D,4,FALSE)),"NA",VLOOKUP("Inbred HIPS_"&DB$4&"_"&$CM61,'Turkus Index'!$A:$D,4,FALSE)) -> 367 | DD61: =IF(ISERROR(VLOOKUP("Inbred HIPS_"&DD$4&"_"&$CM61,'Turkus Index'!$A:$D,4,FALSE)),"NA",VLOOKUP("Inbred HIPS_"&DD$4&"_"&$CM61,'Turkus Index'!$A:$D,4,FALSE)) -> 368 | DF61: =IF(ISERROR(VLOOKUP("Inbred HIPS_"&DF$4&"_"&$CM61,'Turkus Index'!$A:$D,4,FALSE)),"NA",VLOOKUP("Inbred HIPS_"&DF$4&"_"&$CM61,'Turkus Index'!$A:$D,4,FALSE)) -> 369 | DH61: =IF(ISERROR(VLOOKUP("Inbred HIPS_"&DH$4&"_"&$CM61,'Turkus Index'!$A:$D,4,FALSE)),"NA",VLOOKUP("Inbred HIPS_"&DH$4&"_"&$CM61,'Turkus Index'!$A:$D,4,FALSE)) -> 370 | DJ61: =IF(ISERROR(VLOOKUP("Inbred HIPS_"&DJ$4&"_"&$CM61,'Turkus Index'!$A:$D,4,FALSE)),"NA",VLOOKUP("Inbred HIPS_"&DJ$4&"_"&$CM61,'Turkus Index'!$A:$D,4,FALSE)) -> NA
... CM89: 1 | CN89: =IF(ISERROR(VLOOKUP("Inbred HIPS_"&CN$4&"_"&$CM89,'Turkus Index'!$A:$D,4,FALSE)),"NA",VLOOKUP("Inbred HIPS_"&CN$4&"_"&$CM89,'Turkus Index'!$A:$D,4,FALSE)) -> NA | CP89: =IF(ISERROR(VLOOKUP("Inbred HIPS_"&CP$4&"_"&$CM89,'Turkus Index'!$A:$D,4,FALSE)),"NA",VLOOKUP("Inbred HIPS_"&CP$4&"_"&$CM89,'Turkus Index'!$A:$D,4,FALSE)) -> NA | CR89: =IF(ISERROR(VLOOKUP("Inbred HIPS_"&CR$4&"_"&$CM89,'Turkus Index'!$A:$D,4,FALSE)),"NA",VLOOKUP("Inbred HIPS_"&CR$4&"_"&$CM89,'Turkus Index'!$A:$D,4,FALSE)) -> NA | CT89: =IF(ISERROR(VLOOKUP("Inbred HIPS_"&CT$4&"_"&$CM89,'Turkus Index'!$A:$D,4,FALSE)),"NA",VLOOKUP("Inbred HIPS_"&CT$4&"_"&$CM89,'Turkus Index'!$A:$D,4,FALSE)) -> NA | CV89: =IF(ISERROR(VLOOKUP("Inbred HIPS_"&CV$4&"_"&$CM89,'Turkus Index'!$A:$D,4,FALSE)),"NA",VLOOKUP("Inbred HIPS_"&CV$4&"_"&$CM89,'Turkus Index'!$A:$D,4,FALSE)) -> NA | CX89: =IF(ISERROR(VLOOKUP("Inbred HIPS_"&CX$4&"_"&$CM89,'Turkus Index'!$A:$D,4,FALSE)),"NA",VLOOKUP("Inbred HIPS_"&CX$4&"_"&$CM89,'Turkus Index'!$A:$D,4,FALSE)) -> NA | CZ89: =IF(ISERROR(VLOOKUP("Inbred HIPS_"&CZ$4&"_"&$CM89,'Turkus Index'!$A:$D,4,FALSE)),"NA",VLOOKUP("Inbred HIPS_"&CZ$4&"_"&$CM89,'Turkus Index'!$A:$D,4,FALSE)) -> NA | DB89: =IF(ISERROR(VLOOKUP("Inbred HIPS_"&DB$4&"_"&$CM89,'Turkus Index'!$A:$D,4,FALSE)),"NA",VLOOKUP("Inbred HIPS_"&DB$4&"_"&$CM89,'Turkus Index'!$A:$D,4,FALSE)) -> NA | DD89: =IF(ISERROR(VLOOKUP("Inbred HIPS_"&DD$4&"_"&$CM89,'Turkus Index'!$A:$D,4,FALSE)),"NA",VLOOKUP("Inbred HIPS_"&DD$4&"_"&$CM89,'Turkus Index'!$A:$D,4,FALSE)) -> NA | DF89: =IF(ISERROR(VLOOKUP("Inbred HIPS_"&DF$4&"_"&$CM89,'Turkus Index'!$A:$D,4,FALSE)),"NA",VLOOKUP("Inbred HIPS_"&DF$4&"_"&$CM89,'Turkus Index'!$A:$D,4,FALSE)) -> NA | DH89: =IF(ISERROR(VLOOKUP("Inbred HIPS_"&DH$4&"_"&$CM89,'Turkus Index'!$A:$D,4,FALSE)),"NA",VLOOKUP("Inbred HIPS_"&DH$4&"_"&$CM89,'Turkus Index'!$A:$D,4,FALSE)) -> NA | DJ89: =IF(ISERROR(VLOOKUP("Inbred HIPS_"&DJ$4&"_"&$CM89,'Turkus Index'!$A:$D,4,FALSE)),"NA",VLOOKUP("Inbred HIPS_"&DJ$4&"_"&$CM89,'Turkus Index'!$A:$D,4,FALSE)) -> NA
CM90: Field Row | CN90: 1 | CO90: 2 | CP90: 3 | CQ90: 4 | CR90: 5 | CS90: 6 | CT90: 7 | CU90: 8 | CV90: 9 | CW90: 10 | CX90: 11 | CY90: 12 | CZ90: 13 | DA90: 14 | DB90: 15 | DC90: 16 | DD90: 17 | DE90: 18 | DF90: 19 | DG90: 20 | DH90: 21 | DI90: 22 | DJ90: 23 | DK90: 24
CM91: Plot Row | CN91: 1 | CP91: 2 | CR91: 3 | CT91: 4 | CV91: 5 | CX91: 6 | CZ91: 7 | DB91: 8 | DD91: 9 | DF91: 10 | DH91: 11 | DJ91: 12

Sheet Turkus Layout for print
A1: Hybrid HIPS (By Plot #) | AA1: North | CK1: Inbred HIPS (By Plot #)
H2: LC2125 - Rep 1 | L2: LC2125 - Rep 2 | R2: LC2125_ER - Rep 1 | V2: LC2125_ER - Rep 2 | CX2: North
B4: Plot Row | C4: 1 | G4: 2 | K4: 3 | O4: 4 | S4: 5 | W4: 6 | AA4: 7 | AE4: 8 | AI4: 9 | AM4: 10 | AQ4: 11 | AU4: 12 | AY4: 13 | BC4: 14 | BG4: 15 | BK4: 16 | BO4: 17 | BS4: 18 | BW4: 19 | CA4: 20 | CE4: 21 | CN4: 1 | CP4: 2 | CR4: 3 | CT4: 4 | CV4: 5 | CX4: 6 | CZ4: 7 | DB4: 8 | DD4: 9 | DF4: 10 | DH4: 11 | DJ4: 12
B5: Field Row | C5: 1 | D5: 2 | E5: 3 | F5: 4 | G5: 5 | H5: 6 | I5: 7 | J5: 8 | K5: 9 | L5: 10 | M5: 11 | N5: 12 | O5: 13 | P5: 14 | Q5: 15 | R5: 16 | S5: 17 | T5: 18 | U5: 19 | V5: 20 | W5: 21 | X5: 22 | Y5: 23 | Z5: 24 | AA5: 25 | AB5: 26 | AC5: 27 | AD5: 28 | AE5: 29 | AF5: 30 | AG5: 31 | AH5: 32 | AI5: 33 | AJ5: 34 | AK5: 35 | AL5: 36 | AM5: 37 | AN5: 38 | AO5: 39 | AP5: 40 | AQ5: 41 | AR5: 42 | AS5: 43 | AT5: 44 | AU5: 45 | AV5: 46 | AW5: 47 | AX5: 48 | AY5: 49 | AZ5: 50 | BA5: 51 | BB5: 52 | BC5: 53 | BD5: 54 | BE5: 55 | BF5: 56 | BG5: 57 | BH5: 58 | BI5: 59 | BJ5: 60 | BK5: 61 | BL5: 62 | BM5: 63 | BN5: 64 | BO5: 65 | BP5: 66 | BQ5: 67 | BR5: 68 | BS5: 69 | BT5: 70 | BU5: 71 | BV5: 72 | BW5: 73 | BX5: 74 | BY5: 75 | BZ5: 76 | CA5: 77 | CB5: 78 | CC5: 79 | CD5: 80 | CE5: 81 | CF5: 82 | CG5: 83 | CH5: 84 | CM5: Field Row | CN5: 1 | CO5: 2 | CP5: 3 | CQ5: 4 | CR5: 5 | CS5: 6 | CT5: 7 | CU5: 8 | CV5: 9 | CW5: 10 | CX5: 11 | CY5: 12 | CZ5: 13 | DA5: 14 | DB5: 15 | DC5: 16 | DD5: 17 | DE5: 18 | DF5: 19 | DG5: 20 | DH5: 21 | DI5: 22 | DJ5: 23 | DK5: 24
B6: 42 | C6: NA | G6: NA | K6: NA | O6: NA | S6: NA | W6: NA | AA6: NA | AE6: NA | AI6: NA | AM6: NA | AQ6: NA | AU6: NA | AY6: NA | BC6: NA | BG6: NA | BK6: NA | BO6: NA | BS6: NA | BW6: NA | CA6: NA | CE6: NA | CM6: 84 | CN6: =IF(ISERROR(VLOOKUP("Inbred HIPS_"&CN$4&"_"&$CM6,'Turkus Index'!$A:$D,4,FALSE)),"NA",VLOOKUP("Inbred HIPS_"&CN$4&"_"&$CM6,'Turkus Index'!$A:$D,4,FALSE)) -> NA | CP6: =IF(ISERROR(VLOOKUP("Inbred HIPS_"&CP$4&"_"&$CM6,'Turkus Index'!$A:$D,4,FALSE)),"NA",VLOOKUP("Inbred HIPS_"&CP$4&"_"&$CM6,'Turkus Index'!$A:$D,4,FALSE)) -> NA | CR6: =IF(ISERROR(VLOOKUP("Inbred HIPS_"&CR$4&"_"&$CM6,'Turkus Index'!$A:$D,4,FALSE)),"NA",VLOOKUP("Inbred HIPS_"&CR$4&"_"&$CM6,'Turkus Index'!$A:$D,4,FALSE)) -> NA | CT6: =IF(ISERROR(VLOOKUP("Inbred HIPS_"&CT$4&"_"&$CM6,'Turkus Index'!$A:$D,4,FALSE)),"NA",VLOOKUP("Inbred HIPS_"&CT$4&"_"&$CM6,'Turkus Index'!$A:$D,4,FALSE)) -> NA | CV6: =IF(ISERROR(VLOOKUP("Inbred HIPS_"&CV$4&"_"&$CM6,'Turkus Index'!$A:$D,4,FALSE)),"NA",VLOOKUP("Inbred HIPS_"&CV$4&"_"&$CM6,'Turkus Index'!$A:$D,4,FALSE)) -> NA | CX6: =IF(ISERROR(VLOOKUP("Inbred HIPS_"&CX$4&"_"&$CM6,'Turkus Index'!$A:$D,4,FALSE)),"NA",VLOOKUP("Inbred HIPS_"&CX$4&"_"&$CM6,'Turkus Index'!$A:$D,4,FALSE)) -> NA | CZ6: =IF(ISERROR(VLOOKUP("Inbred HIPS_"&CZ$4&"_"&$CM6,'Turkus Index'!$A:$D,4,FALSE)),"NA",VLOOKUP("Inbred HIPS_"&CZ$4&"_"&$CM6,'Turkus Index'!$A:$D,4,FALSE)) -> NA | DB6: =IF(ISERROR(VLOOKUP("Inbred HIPS_"&DB$4&"_"&$CM6,'Turkus Index'!$A:$D,4,FALSE)),"NA",VLOOKUP("Inbred HIPS_"&DB$4&"_"&$CM6,'Turkus Index'!$A:$D,4,FALSE)) -> NA | DD6: =IF(ISERROR(VLOOKUP("Inbred HIPS_"&DD$4&"_"&$CM6,'Turkus Index'!$A:$D,4,FALSE)),"NA",VLOOKUP("Inbred HIPS_"&DD$4&"_"&$CM6,'Turkus Index'!$A:$D,4,FALSE)) -> NA | DF6: =IF(ISERROR(VLOOKUP("Inbred HIPS_"&DF$4&"_"&$CM6,'Turkus Index'!$A:$D,4,FALSE)),"NA",VLOOKUP("Inbred HIPS_"&DF$4&"_"&$CM6,'Turkus Index'!$A:$D,4,FALSE)) -> NA | DH6: =IF(ISERROR(VLOOKUP("Inbred HIPS_"&DH$4&"_"&$CM6,'Turkus Index'!$A:$D,4,FALSE)),"NA",VLOOKUP("Inbred HIPS_"&DH$4&"_"&$CM6,'Turkus Index'!$A:$D,4,FALSE)) -> NA | DJ6: =IF(ISERROR(VLOOKUP("Inbred HIPS_"&DJ$4&"_"&$CM6,'Turkus Index'!$A:$D,4,FALSE)),"NA",VLOOKUP("Inbred HIPS_"&DJ$4&"_"&$CM6,'Turkus Index'!$A:$D,4,FALSE)) -> NA
A7: Range | B7: 41 | C7: NA | G7: NA | K7: NA | O7: NA | S7: NA | W7: NA | AA7: NA | AE7: NA | AI7: NA | AM7: NA | AQ7: NA | AU7: NA | AY7: =AY8+1 -> 223 | BC7: =AY7+1 -> 224 | BG7: =BC7+1 -> 225 | BK7: =BG7+1 -> 226 | BO7: =BK7+1 -> 227 | BS7: =BO7+1 -> 228 | BW7: =BS7+1 -> 229 | CA7: =BW7+1 -> 230 | CE7: =CA7+1 -> 231 | CL7: Range | CM7: 83 | CN7: =IF(ISERROR(VLOOKUP("Inbred HIPS_"&CN$4&"_"&$CM7,'Turkus Index'!$A:$D,4,FALSE)),"NA",VLOOKUP("Inbred HIPS_"&CN$4&"_"&$CM7,'Turkus Index'!$A:$D,4,FALSE)) -> NA | CP7: =IF(ISERROR(VLOOKUP("Inbred HIPS_"&CP$4&"_"&$CM7,'Turkus Index'!$A:$D,4,FALSE)),"NA",VLOOKUP("Inbred HIPS_"&CP$4&"_"&$CM7,'Turkus Index'!$A:$D,4,FALSE)) -> NA | CR7: =IF(ISERROR(VLOOKUP("Inbred HIPS_"&CR$4&"_"&$CM7,'Turkus Index'!$A:$D,4,FALSE)),"NA",VLOOKUP("Inbred HIPS_"&CR$4&"_"&$CM7,'Turkus Index'!$A:$D,4,FALSE)) -> NA | CT7: =IF(ISERROR(VLOOKUP("Inbred HIPS_"&CT$4&"_"&$CM7,'Turkus Index'!$A:$D,4,FALSE)),"NA",VLOOKUP("Inbred HIPS_"&CT$4&"_"&$CM7,'Turkus Index'!$A:$D,4,FALSE)) -> NA | CV7: =IF(ISERROR(VLOOKUP("Inbred HIPS_"&CV$4&"_"&$CM7,'Turkus Index'!$A:$D,4,FALSE)),"NA",VLOOKUP("Inbred HIPS_"&CV$4&"_"&$CM7,'Turkus Index'!$A:$D,4,FALSE)) -> NA | CX7: =IF(ISERROR(VLOOKUP("Inbred HIPS_"&CX$4&"_"&$CM7,'Turkus Index'!$A:$D,4,FALSE)),"NA",VLOOKUP("Inbred HIPS_"&CX$4&"_"&$CM7,'Turkus Index'!$A:$D,4,FALSE)) -> NA | CZ7: =IF(ISERROR(VLOOKUP("Inbred HIPS_"&CZ$4&"_"&$CM7,'Turkus Index'!$A:$D,4,FALSE)),"NA",VLOOKUP("Inbred HIPS_"&CZ$4&"_"&$CM7,'Turkus Index'!$A:$D,4,FALSE)) -> NA | DB7: =IF(ISERROR(VLOOKUP("Inbred HIPS_"&DB$4&"_"&$CM7,'Turkus Index'!$A:$D,4,FALSE)),"NA",VLOOKUP("Inbred HIPS_"&DB$4&"_"&$CM7,'Turkus Index'!$A:$D,4,FALSE)) -> NA | DD7: =IF(ISERROR(VLOOKUP("Inbred HIPS_"&DD$4&"_"&$CM7,'Turkus Index'!$A:$D,4,FALSE)),"NA",VLOOKUP("Inbred HIPS_"&DD$4&"_"&$CM7,'Turkus Index'!$A:$D,4,FALSE)) -> NA | DF7: =IF(ISERROR(VLOOKUP("Inbred HIPS_"&DF$4&"_"&$CM7,'Turkus Index'!$A:$D,4,FALSE)),"NA",VLOOKUP("Inbred HIPS_"&DF$4&"_"&$CM7,'Turkus Index'!$A:$D,4,FALSE)) -> NA | DH7: =IF(ISERROR(VLOOKUP("Inbred HIPS_"&DH$4&"_"&$CM7,'Turkus Index'!$A:$D,4,FALSE)),"NA",VLOOKUP("Inbred HIPS_"&DH$4&"_"&$CM7,'Turkus Index'!$A:$D,4,FALSE)) -> NA | DJ7: =IF(ISERROR(VLOOKUP("Inbred HIPS_"&DJ$4&"_"&$CM7,'Turkus Index'!$A:$D,4,FALSE)),"NA",VLOOKUP("Inbred HIPS_"&DJ$4&"_"&$CM7,'Turkus Index'!$A:$D,4,FALSE)) -> NA
B8: 40 | C8: NA | G8: NA | K8: NA | O8: NA | S8: NA | W8: NA | AA8: NA | AE8: NA | AI8: NA | AM8: NA | AQ8: NA | AU8: NA | AY8: =BC8+1 -> 222 | BC8: =BG8+1 -> 221 | BG8: =BK8+1 -> 220 | BK8: =BO8+1 -> 219 | BO8: =BS8+1 -> 218 | BS8: =BW8+1 -> 217 | BW8: =CA8+1 -> 216 | CA8: =CE8+1 -> 215 | CE8: =CE9+1 -> 214 | CM8: 82 | CN8: =IF(ISERROR(VLOOKUP("Inbred HIPS_"&CN$4&"_"&$CM8,'Turkus Index'!$A:$D,4,FALSE)),"NA",VLOOKUP("Inbred HIPS_"&CN$4&"_"&$CM8,'Turkus Index'!$A:$D,4,FALSE)) -> NA | CP8: =IF(ISERROR(VLOOKUP("Inbred HIPS_"&CP$4&"_"&$CM8,'Turkus Index'!$A:$D,4,FALSE)),"NA",VLOOKUP("Inbred HIPS_"&CP$4&"_"&$CM8,'Turkus Index'!$A:$D,4,FALSE)) -> Filler | CR8: =IF(ISERROR(VLOOKUP("Inbred HIPS_"&CR$4&"_"&$CM8,'Turkus Index'!$A:$D,4,FALSE)),"NA",VLOOKUP("Inbred HIPS_"&CR$4&"_"&$CM8,'Turkus Index'!$A:$D,4,FALSE)) -> Filler | CT8: =IF(ISERROR(VLOOKUP("Inbred HIPS_"&CT$4&"_"&$CM8,'Turkus Index'!$A:$D,4,FALSE)),"NA",VLOOKUP("Inbred HIPS_"&CT$4&"_"&$CM8,'Turkus Index'!$A:$D,4,FALSE)) -> Filler | CV8: =IF(ISERROR(VLOOKUP("Inbred HIPS_"&CV$4&"_"&$CM8,'Turkus Index'!$A:$D,4,FALSE)),"NA",VLOOKUP("Inbred HIPS_"&CV$4&"_"&$CM8,'Turkus Index'!$A:$D,4,FALSE)) -> Filler | CX8: =IF(ISERROR(VLOOKUP("Inbred HIPS_"&CX$4&"_"&$CM8,'Turkus Index'!$A:$D,4,FALSE)),"NA",VLOOKUP("Inbred HIPS_"&CX$4&"_"&$CM8,'Turkus Index'!$A:$D,4,FALSE)) -> 596 | CZ8: =IF(ISERROR(VLOOKUP("Inbred HIPS_"&CZ$4&"_"&$CM8,'Turkus Index'!$A:$D,4,FALSE)),"NA",VLOOKUP("Inbred HIPS_"&CZ$4&"_"&$CM8,'Turkus Index'!$A:$D,4,FALSE)) -> 595 | DB8: =IF(ISERROR(VLOOKUP("Inbred HIPS_"&DB$4&"_"&$CM8,'Turkus Index'!$A:$D,4,FALSE)),"NA",VLOOKUP("Inbred HIPS_"&DB$4&"_"&$CM8,'Turkus Index'!$A:$D,4,FALSE)) -> 594 | DD8: =IF(ISERROR(VLOOKUP("Inbred HIPS_"&DD$4&"_"&$CM8,'Turkus Index'!$A:$D,4,FALSE)),"NA",VLOOKUP("Inbred HIPS_"&DD$4&"_"&$CM8,'Turkus Index'!$A:$D,4,FALSE)) -> 593 | DF8: =IF(ISERROR(VLOOKUP("Inbred HIPS_"&DF$4&"_"&$CM8,'Turkus Index'!$A:$D,4,FALSE)),"NA",VLOOKUP("Inbred HIPS_"&DF$4&"_"&$CM8,'Turkus Index'!$A:$D,4,FALSE)) -> 592 | DH8: =IF(ISERROR(VLOOKUP("Inbred HIPS_"&DH$4&"_"&$CM8,'Turkus Index'!$A:$D,4,FALSE)),"NA",VLOOKUP("Inbred HIPS_"&DH$4&"_"&$CM8,'Turkus Index'!$A:$D,4,FALSE)) -> 591 | DJ8: =IF(ISERROR(VLOOKUP("Inbred HIPS_"&DJ$4&"_"&$CM8,'Turkus Index'!$A:$D,4,FALSE)),"NA",VLOOKUP("Inbred HIPS_"&DJ$4&"_"&$CM8,'Turkus Index'!$A:$D,4,FALSE)) -> NA
B9: 39 | C9: NA | G9: NA | K9: NA | O9: NA | S9: NA | W9: NA | AA9: NA | AE9: NA | AI9: NA | AM9: NA | AQ9: NA | AU9: NA | AY9: NA | BC9: NA | BG9: NA | BK9: NA | BO9: NA | BS9: NA | BW9: NA | CA9: =CA10+1 -> 212 | CE9: =CA9+1 -> 213 | CM9: 81 | CN9: =IF(ISERROR(VLOOKUP("Inbred HIPS_"&CN$4&"_"&$CM9,'Turkus Index'!$A:$D,4,FALSE)),"NA",VLOOKUP("Inbred HIPS_"&CN$4&"_"&$CM9,'Turkus Index'!$A:$D,4,FALSE)) -> NA | CP9: =IF(ISERROR(VLOOKUP("Inbred HIPS_"&CP$4&"_"&$CM9,'Turkus Index'!$A:$D,4,FALSE)),"NA",VLOOKUP("Inbred HIPS_"&CP$4&"_"&$CM9,'Turkus Index'!$A:$D,4,FALSE)) -> 581 | CR9: =IF(ISERROR(VLOOKUP("Inbred HIPS_"&CR$4&"_"&$CM9,'Turkus Index'!$A:$D,4,FALSE)),"NA",VLOOKUP("Inbred HIPS_"&CR$4&"_"&$CM9,'Turkus Index'!$A:$D,4,FALSE)) -> 582 | CT9: =IF(ISERROR(VLOOKUP("Inbred HIPS_"&CT$4&"_"&$CM9,'Turkus Index'!$A:$D,4,FALSE)),"NA",VLOOKUP("Inbred HIPS_"&CT$4&"_"&$CM9,'Turkus Index'!$A:$D,4,FALSE)) -> 583 | CV9: =IF(ISERROR(VLOOKUP("Inbred HIPS_"&CV$4&"_"&$CM9,'Turkus Index'!$A:$D,4,FALSE)),"NA",VLOOKUP("Inbred HIPS_"&CV$4&"_"&$CM9,'Turkus Index'!$A:$D,4,FALSE)) -> 584 | CX9: =IF(ISERROR(VLOOKUP("Inbred HIPS_"&CX$4&"_"&$CM9,'Turkus Index'!$A:$D,4,FALSE)),"NA",VLOOKUP("Inbred HIPS_"&CX$4&"_"&$CM9,'Turkus Index'!$A:$D,4,FALSE)) -> 585 | CZ9: =IF(ISERROR(VLOOKUP("Inbred HIPS_"&CZ$4&"_"&$CM9,'Turkus Index'!$A:$D,4,FALSE)),"NA",VLOOKUP("Inbred HIPS_"&CZ$4&"_"&$CM9,'Turkus Index'!$A:$D,4,FALSE)) -> 586 | DB9: =IF(ISERROR(VLOOKUP("Inbred HIPS_"&DB$4&"_"&$CM9,'Turkus Index'!$A:$D,4,FALSE)),"NA",VLOOKUP("Inbred HIPS_"&DB$4&"_"&$CM9,'Turkus Index'!$A:$D,4,FALSE)) -> 587 | DD9: =IF(ISERROR(VLOOKUP("Inbred HIPS_"&DD$4&"_"&$CM9,'Turkus Index'!$A:$D,4,FALSE)),"NA",VLOOKUP("Inbred HIPS_"&DD$4&"_"&$CM9,'Turkus Index'!$A:$D,4,FALSE)) -> 588 | DF9: =IF(ISERROR(VLOOKUP("Inbred HIPS_"&DF$4&"_"&$CM9,'Turkus Index'!$A:$D,4,FALSE)),"NA",VLOOKUP("Inbred HIPS_"&DF$4&"_"&$CM9,'Turkus Index'!$A:$D,4,FALSE)) -> 589 | DH9: =IF(ISERROR(VLOOKUP("Inbred HIPS_"&DH$4&"_"&$CM9,'Turkus Index'!$A:$D,4,FALSE)),"NA",VLOOKUP("Inbred HIPS_"&DH$4&"_"&$CM9,'Turkus Index'!$A:$D,4,FALSE)) -> 590 | DJ9: =IF(ISERROR(VLOOKUP("Inbred HIPS_"&DJ$4&"_"&$CM9,'Turkus Index'!$A:$D,4,FALSE)),"NA",VLOOKUP("Inbred HIPS_"&DJ$4&"_"&$CM9,'Turkus Index'!$A:$D,4,FALSE)) -> NA
B10: 38 | C10: NA | G10: NA | K10: NA | O10: NA | S10: NA | W10: NA | AA10: NA | AE10: NA | AI10: NA | AM10: NA | AQ10: NA | AU10: NA | AY10: NA | BC10: NA | BG10: NA | BK10: NA | BO10: NA | BS10: NA | BW10: NA | CA10: =CE10+1 -> 211 | CE10: =CE11+1 -> 210 | CM10: 80 | CN10: =IF(ISERROR(VLOOKUP("Inbred HIPS_"&CN$4&"_"&$CM10,'Turkus Index'!$A:$D,4,FALSE)),"NA",VLOOKUP("Inbred HIPS_"&CN$4&"_"&$CM10,'Turkus Index'!$A:$D,4,FALSE)) -> NA | CP10: =IF(ISERROR(VLOOKUP("Inbred HIPS_"&CP$4&"_"&$CM10,'Turkus Index'!$A:$D,4,FALSE)),"NA",VLOOKUP("Inbred HIPS_"&CP$4&"_"&$CM10,'Turkus Index'!$A:$D,4,FALSE)) -> 580 | CR10: =IF(ISERROR(VLOOKUP("Inbred HIPS_"&CR$4&"_"&$CM10,'Turkus Index'!$A:$D,4,FALSE)),"NA",VLOOKUP("Inbred HIPS_"&CR$4&"_"&$CM10,'Turkus Index'!$A:$D,4,FALSE)) -> 579 | CT10: =IF(ISERROR(VLOOKUP("Inbred HIPS_"&CT$4&"_"&$CM10,'Turkus Index'!$A:$D,4,FALSE)),"NA",VLOOKUP("Inbred HIPS_"&CT$4&"_"&$CM10,'Turkus Index'!$A:$D,4,FALSE)) -> 578 | CV10: =IF(ISERROR(VLOOKUP("Inbred HIPS_"&CV$4&"_"&$CM10,'Turkus Index'!$A:$D,4,FALSE)),"NA",VLOOKUP("Inbred HIPS_"&CV$4&"_"&$CM10,'Turkus Index'!$A:$D,4,FALSE)) -> 577 | CX10: =IF(ISERROR(VLOOKUP("Inbred HIPS_"&CX$4&"_"&$CM10,'Turkus Index'!$A:$D,4,FALSE)),"NA",VLOOKUP("Inbred HIPS_"&CX$4&"_"&$CM10,'Turkus Index'!$A:$D,4,FALSE)) -> 576 | CZ10: =IF(ISERROR(VLOOKUP("Inbred HIPS_"&CZ$4&"_"&$CM10,'Turkus Index'!$A:$D,4,FALSE)),"NA",VLOOKUP("Inbred HIPS_"&CZ$4&"_"&$CM10,'Turkus Index'!$A:$D,4,FALSE)) -> 575 | DB10: =IF(ISERROR(VLOOKUP("Inbred HIPS_"&DB$4&"_"&$CM10,'Turkus Index'!$A:$D,4,FALSE)),"NA",VLOOKUP("Inbred HIPS_"&DB$4&"_"&$CM10,'Turkus Index'!$A:$D,4,FALSE)) -> 574 | DD10: =IF(ISERROR(VLOOKUP("Inbred HIPS_"&DD$4&"_"&$CM10,'Turkus Index'!$A:$D,4,FALSE)),"NA",VLOOKUP("Inbred HIPS_"&DD$4&"_"&$CM10,'Turkus Index'!$A:$D,4,FALSE)) -> 573 | DF10: =IF(ISERROR(VLOOKUP("Inbred HIPS_"&DF$4&"_"&$CM10,'Turkus Index'!$A:$D,4,FALSE)),"NA",VLOOKUP("Inbred HIPS_"&DF$4&"_"&$CM10,'Turkus Index'!$A:$D,4,FALSE)) -> 572 | DH10: =IF(ISERROR(VLOOKUP("Inbred HIPS_"&DH$4&"_"&$CM10,'Turkus Index'!$A:$D,4,FALSE)),"NA",VLOOKUP("Inbred HIPS_"&DH$4&"_"&$CM10,'Turkus Index'!$A:$D,4,FALSE)) -> 571 | DJ10: =IF(ISERROR(VLOOKUP("Inbred HIPS_"&DJ$4&"_"&$CM10,'Turkus Index'!$A:$D,4,FALSE)),"NA",VLOOKUP("Inbred HIPS_"&DJ$4&"_"&$CM10,'Turkus Index'!$A:$D,4,FALSE)) -> NA
B11: 37 | C11: NA | G11: NA | K11: NA | O11: NA | S11: NA | W11: NA | AA11: NA | AE11: NA | AI11: NA | AM11: NA | AQ11: NA | AU11: NA | AY11: NA | BC11: NA | BG11: NA | BK11: NA | BO11: NA | BS11: NA | BW11: NA | CA11: =CA12+1 -> 208 | CE11: =CA11+1 -> 209 | CM11: 79 | CN11: =IF(ISERROR(VLOOKUP("Inbred HIPS_"&CN$4&"_"&$CM11,'Turkus Index'!$A:$D,4,FALSE)),"NA",VLOOKUP("Inbred HIPS_"&CN$4&"_"&$CM11,'Turkus Index'!$A:$D,4,FALSE)) -> NA | CP11: =IF(ISERROR(VLOOKUP("Inbred HIPS_"&CP$4&"_"&$CM11,'Turkus Index'!$A:$D,4,FALSE)),"NA",VLOOKUP("Inbred HIPS_"&CP$4&"_"&$CM11,'Turkus Index'!$A:$D,4,FALSE)) -> 561 | CR11: =IF(ISERROR(VLOOKUP("Inbred HIPS_"&CR$4&"_"&$CM11,'Turkus Index'!$A:$D,4,FALSE)),"NA",VLOOKUP("Inbred HIPS_"&CR$4&"_"&$CM11,'Turkus Index'!$A:$D,4,FALSE)) -> 562 | CT11: =IF(ISERROR(VLOOKUP("Inbred HIPS_"&CT$4&"_"&$CM11,'Turkus Index'!$A:$D,4,FALSE)),"NA",VLOOKUP("Inbred HIPS_"&CT$4&"_"&$CM11,'Turkus Index'!$A:$D,4,FALSE)) -> 563 | CV11: =IF(ISERROR(VLOOKUP("Inbred HIPS_"&CV$4&"_"&$CM11,'Turkus Index'!$A:$D,4,FALSE)),"NA",VLOOKUP("Inbred HIPS_"&CV$4&"_"&$CM11,'Turkus Index'!$A:$D,4,FALSE)) -> 564 | CX11: =IF(ISERROR(VLOOKUP("Inbred HIPS_"&CX$4&"_"&$CM11,'Turkus Index'!$A:$D,4,FALSE)),"NA",VLOOKUP("Inbred HIPS_"&CX$4&"_"&$CM11,'Turkus Index'!$A:$D,4,FALSE)) -> 565 | CZ11: =IF(ISERROR(VLOOKUP("Inbred HIPS_"&CZ$4&"_"&$CM11,'Turkus Index'!$A:$D,4,FALSE)),"NA",VLOOKUP("Inbred HIPS_"&CZ$4&"_"&$CM11,'Turkus Index'!$A:$D,4,FALSE)) -> 566 | DB11: =IF(ISERROR(VLOOKUP("Inbred HIPS_"&DB$4&"_"&$CM11,'Turkus Index'!$A:$D,4,FALSE)),"NA",VLOOKUP("Inbred HIPS_"&DB$4&"_"&$CM11,'Turkus Index'!$A:$D,4,FALSE)) -> 567 | DD11: =IF(ISERROR(VLOOKUP("Inbred HIPS_"&DD$4&"_"&$CM11,'Turkus Index'!$A:$D,4,FALSE)),"NA",VLOOKUP("Inbred HIPS_"&DD$4&"_"&$CM11,'Turkus Index'!$A:$D,4,FALSE)) -> 568 | DF11: =IF(ISERROR(VLOOKUP("Inbred HIPS_"&DF$4&"_"&$CM11,'Turkus Index'!$A:$D,4,FALSE)),"NA",VLOOKUP("Inbred HIPS_"&DF$4&"_"&$CM11,'Turkus Index'!$A:$D,4,FALSE)) -> 569 | DH11: =IF(ISERROR(VLOOKUP("Inbred HIPS_"&DH$4&"_"&$CM11,'Turkus Index'!$A:$D,4,FALSE)),"NA",VLOOKUP("Inbred HIPS_"&DH$4&"_"&$CM11,'Turkus Index'!$A:$D,4,FALSE)) -> 570 | DJ11: =IF(ISERROR(VLOOKUP("Inbred HIPS_"&DJ$4&"_"&$CM11,'Turkus Index'!$A:$D,4,FALSE)),"NA",VLOOKUP("Inbred HIPS_"&DJ$4&"_"&$CM11,'Turkus Index'!$A:$D,4,FALSE)) -> NA
B12: 36 | C12: NA | G12: NA | K12: NA | O12: NA | S12: NA | W12: NA | AA12: NA | AE12: NA | AI12: NA | AM12: NA | AQ12: NA | AU12: NA | AY12: NA | BC12: NA | BG12: NA | BK12: NA | BO12: NA | BS12: NA | BW12: NA | CA12: =CE12+1 -> 207 | CE12: =CE13+1 -> 206 | CM12: 78 | CN12: =IF(ISERROR(VLOOKUP("Inbred HIPS_"&CN$4&"_"&$CM12,'Turkus Index'!$A:$D,4,FALSE)),"NA",VLOOKUP("Inbred HIPS_"&CN$4&"_"&$CM12,'Turkus Index'!$A:$D,4,FALSE)) -> NA | CP12: =IF(ISERROR(VLOOKUP("Inbred HIPS_"&CP$4&"_"&$CM12,'Turkus Index'!$A:$D,4,FALSE)),"NA",VLOOKUP("Inbred HIPS_"&CP$4&"_"&$CM12,'Turkus Index'!$A:$D,4,FALSE)) -> 560 | CR12: =IF(ISERROR(VLOOKUP("Inbred HIPS_"&CR$4&"_"&$CM12,'Turkus Index'!$A:$D,4,FALSE)),"NA",VLOOKUP("Inbred HIPS_"&CR$4&"_"&$CM12,'Turkus Index'!$A:$D,4,FALSE)) -> 559 | CT12: =IF(ISERROR(VLOOKUP("Inbred HIPS_"&CT$4&"_"&$CM12,'Turkus Index'!$A:$D,4,FALSE)),"NA",VLOOKUP("Inbred HIPS_"&CT$4&"_"&$CM12,'Turkus Index'!$A:$D,4,FALSE)) -> 558 | CV12: =IF(ISERROR(VLOOKUP("Inbred HIPS_"&CV$4&"_"&$CM12,'Turkus Index'!$A:$D,4,FALSE)),"NA",VLOOKUP("Inbred HIPS_"&CV$4&"_"&$CM12,'Turkus Index'!$A:$D,4,FALSE)) -> 557 | CX12: =IF(ISERROR(VLOOKUP("Inbred HIPS_"&CX$4&"_"&$CM12,'Turkus Index'!$A:$D,4,FALSE)),"NA",VLOOKUP("Inbred HIPS_"&CX$4&"_"&$CM12,'Turkus Index'!$A:$D,4,FALSE)) -> 556 | CZ12: =IF(ISERROR(VLOOKUP("Inbred HIPS_"&CZ$4&"_"&$CM12,'Turkus Index'!$A:$D,4,FALSE)),"NA",VLOOKUP("Inbred HIPS_"&CZ$4&"_"&$CM12,'Turkus Index'!$A:$D,4,FALSE)) -> 555 | DB12: =IF(ISERROR(VLOOKUP("Inbred HIPS_"&DB$4&"_"&$CM12,'Turkus Index'!$A:$D,4,FALSE)),"NA",VLOOKUP("Inbred HIPS_"&DB$4&"_"&$CM12,'Turkus Index'!$A:$D,4,FALSE)) -> 554 | DD12: =IF(ISERROR(VLOOKUP("Inbred HIPS_"&DD$4&"_"&$CM12,'Turkus Index'!$A:$D,4,FALSE)),"NA",VLOOKUP("Inbred HIPS_"&DD$4&"_"&$CM12,'Turkus Index'!$A:$D,4,FALSE)) -> 553 | DF12: =IF(ISERROR(VLOOKUP("Inbred HIPS_"&DF$4&"_"&$CM12,'Turkus Index'!$A:$D,4,FALSE)),"NA",VLOOKUP("Inbred HIPS_"&DF$4&"_"&$CM12,'Turkus Index'!$A:$D,4,FALSE)) -> 552 | DH12: =IF(ISERROR(VLOOKUP("Inbred HIPS_"&DH$4&"_"&$CM12,'Turkus Index'!$A:$D,4,FALSE)),"NA",VLOOKUP("Inbred HIPS_"&DH$4&"_"&$CM12,'Turkus Index'!$A:$D,4,FALSE)) -> 551 | DJ12: =IF(ISERROR(VLOOKUP("Inbred HIPS_"&DJ$4&"_"&$CM12,'Turkus Index'!$A:$D,4,FALSE)),"NA",VLOOKUP("Inbred HIPS_"&DJ$4&"_"&$CM12,'Turkus Index'!$A:$D,4,FALSE)) -> NA
B13: 35 | C13: NA | G13: NA | K13: NA | O13: NA | S13: NA | W13: NA | AA13: NA | AE13: NA | AI13: NA | AM13: NA | AQ13: NA | AU13: NA | AY13: NA | BC13: NA | BG13: NA | BK13: NA | BO13: NA | BS13: NA | BW13: NA | CA13: =CA14+1 -> 204 | CE13: =CA13+1 -> 205 | CM13: 77 | CN13: =IF(ISERROR(VLOOKUP("Inbred HIPS_"&CN$4&"_"&$CM13,'Turkus Index'!$A:$D,4,FALSE)),"NA",VLOOKUP("Inbred HIPS_"&CN$4&"_"&$CM13,'Turkus Index'!$A:$D,4,FALSE)) -> NA | CP13: =IF(ISERROR(VLOOKUP("Inbred HIPS_"&CP$4&"_"&$CM13,'Turkus Index'!$A:$D,4,FALSE)),"NA",VLOOKUP("Inbred HIPS_"&CP$4&"_"&$CM13,'Turkus Index'!$A:$D,4,FALSE)) -> 541 | CR13: =IF(ISERROR(VLOOKUP("Inbred HIPS_"&CR$4&"_"&$CM13,'Turkus Index'!$A:$D,4,FALSE)),"NA",VLOOKUP("Inbred HIPS_"&CR$4&"_"&$CM13,'Turkus Index'!$A:$D,4,FALSE)) -> 542 | CT13: =IF(ISERROR(VLOOKUP("Inbred HIPS_"&CT$4&"_"&$CM13,'Turkus Index'!$A:$D,4,FALSE)),"NA",VLOOKUP("Inbred HIPS_"&CT$4&"_"&$CM13,'Turkus Index'!$A:$D,4,FALSE)) -> 543 | CV13: =IF(ISERROR(VLOOKUP("Inbred HIPS_"&CV$4&"_"&$CM13,'Turkus Index'!$A:$D,4,FALSE)),"NA",VLOOKUP("Inbred HIPS_"&CV$4&"_"&$CM13,'Turkus Index'!$A:$D,4,FALSE)) -> 544 | CX13: =IF(ISERROR(VLOOKUP("Inbred HIPS_"&CX$4&"_"&$CM13,'Turkus Index'!$A:$D,4,FALSE)),"NA",VLOOKUP("Inbred HIPS_"&CX$4&"_"&$CM13,'Turkus Index'!$A:$D,4,FALSE)) -> 545 | CZ13: =IF(ISERROR(VLOOKUP("Inbred HIPS_"&CZ$4&"_"&$CM13,'Turkus Index'!$A:$D,4,FALSE)),"NA",VLOOKUP("Inbred HIPS_"&CZ$4&"_"&$CM13,'Turkus Index'!$A:$D,4,FALSE)) -> 546 | DB13: =IF(ISERROR(VLOOKUP("Inbred HIPS_"&DB$4&"_"&$CM13,'Turkus Index'!$A:$D,4,FALSE)),"NA",VLOOKUP("Inbred HIPS_"&DB$4&"_"&$CM13,'Turkus Index'!$A:$D,4,FALSE)) -> 547 | DD13: =IF(ISERROR(VLOOKUP("Inbred HIPS_"&DD$4&"_"&$CM13,'Turkus Index'!$A:$D,4,FALSE)),"NA",VLOOKUP("Inbred HIPS_"&DD$4&"_"&$CM13,'Turkus Index'!$A:$D,4,FALSE)) -> 548 | DF13: =IF(ISERROR(VLOOKUP("Inbred HIPS_"&DF$4&"_"&$CM13,'Turkus Index'!$A:$D,4,FALSE)),"NA",VLOOKUP("Inbred HIPS_"&DF$4&"_"&$CM13,'Turkus Index'!$A:$D,4,FALSE)) -> 549 | DH13: =IF(ISERROR(VLOOKUP("Inbred HIPS_"&DH$4&"_"&$CM13,'Turkus Index'!$A:$D,4,FALSE)),"NA",VLOOKUP("Inbred HIPS_"&DH$4&"_"&$CM13,'Turkus Index'!$A:$D,4,FALSE)) -> 550 | DJ13: =IF(ISERROR(VLOOKUP("Inbred HIPS_"&DJ$4&"_"&$CM13,'Turkus Index'!$A:$D,4,FALSE)),"NA",VLOOKUP("Inbred HIPS_"&DJ$4&"_"&$CM13,'Turkus Index'!$A:$D,4,FALSE)) -> NA
B14: 34 | C14: NA | G14: NA | K14: NA | O14: NA | S14: NA | W14: NA | AA14: NA | AE14: NA | AI14: NA | AM14: NA | AQ14: NA | AU14: NA | AY14: NA | BC14: NA | BG14: NA | BK14: NA | BO14: NA | BS14: NA | BW14: NA | CA14: =CE14+1 -> 203 | CE14: 202 | CM14: 76 | CN14: =IF(ISERROR(VLOOKUP("Inbred HIPS_"&CN$4&"_"&$CM14,'Turkus Index'!$A:$D,4,FALSE)),"NA",VLOOKUP("Inbred HIPS_"&CN$4&"_"&$CM14,'Turkus Index'!$A:$D,4,FALSE)) -> NA | CP14: =IF(ISERROR(VLOOKUP("Inbred HIPS_"&CP$4&"_"&$CM14,'Turkus Index'!$A:$D,4,FALSE)),"NA",VLOOKUP("Inbred HIPS_"&CP$4&"_"&$CM14,'Turkus Index'!$A:$D,4,FALSE)) -> 540 | CR14: =IF(ISERROR(VLOOKUP("Inbred HIPS_"&CR$4&"_"&$CM14,'Turkus Index'!$A:$D,4,FALSE)),"NA",VLOOKUP("Inbred HIPS_"&CR$4&"_"&$CM14,'Turkus Index'!$A:$D,4,FALSE)) -> 539 | CT14: =IF(ISERROR(VLOOKUP("Inbred HIPS_"&CT$4&"_"&$CM14,'Turkus Index'!$A:$D,4,FALSE)),"NA",VLOOKUP("Inbred HIPS_"&CT$4&"_"&$CM14,'Turkus Index'!$A:$D,4,FALSE)) -> 538 | CV14: =IF(ISERROR(VLOOKUP("Inbred HIPS_"&CV$4&"_"&$CM14,'Turkus Index'!$A:$D,4,FALSE)),"NA",VLOOKUP("Inbred HIPS_"&CV$4&"_"&$CM14,'Turkus Index'!$A:$D,4,FALSE)) -> 537 | CX14: =IF(ISERROR(VLOOKUP("Inbred HIPS_"&CX$4&"_"&$CM14,'Turkus Index'!$A:$D,4,FALSE)),"NA",VLOOKUP("Inbred HIPS_"&CX$4&"_"&$CM14,'Turkus Index'!$A:$D,4,FALSE)) -> 536 | CZ14: =IF(ISERROR(VLOOKUP("Inbred HIPS_"&CZ$4&"_"&$CM14,'Turkus Index'!$A:$D,4,FALSE)),"NA",VLOOKUP("Inbred HIPS_"&CZ$4&"_"&$CM14,'Turkus Index'!$A:$D,4,FALSE)) -> 535 | DB14: =IF(ISERROR(VLOOKUP("Inbred HIPS_"&DB$4&"_"&$CM14,'Turkus Index'!$A:$D,4,FALSE)),"NA",VLOOKUP("Inbred HIPS_"&DB$4&"_"&$CM14,'Turkus Index'!$A:$D,4,FALSE)) -> 534 | DD14: =IF(ISERROR(VLOOKUP("Inbred HIPS_"&DD$4&"_"&$CM14,'Turkus Index'!$A:$D,4,FALSE)),"NA",VLOOKUP("Inbred HIPS_"&DD$4&"_"&$CM14,'Turkus Index'!$A:$D,4,FALSE)) -> 533 | DF14: =IF(ISERROR(VLOOKUP("Inbred HIPS_"&DF$4&"_"&$CM14,'Turkus Index'!$A:$D,4,FALSE)),"NA",VLOOKUP("Inbred HIPS_"&DF$4&"_"&$CM14,'Turkus Index'!$A:$D,4,FALSE)) -> 532 | DH14: =IF(ISERROR(VLOOKUP("Inbred HIPS_"&DH$4&"_"&$CM14,'Turkus Index'!$A:$D,4,FALSE)),"NA",VLOOKUP("Inbred HIPS_"&DH$4&"_"&$CM14,'Turkus Index'!$A:$D,4,FALSE)) -> 531 | DJ14: =IF(ISERROR(VLOOKUP("Inbred HIPS_"&DJ$4&"_"&$CM14,'Turkus Index'!$A:$D,4,FALSE)),"NA",VLOOKUP("Inbred HIPS_"&DJ$4&"_"&$CM14,'Turkus Index'!$A:$D,4,FALSE)) -> NA
B15: 33 | C15: NA | G15: NA | K15: NA | O15: NA | S15: NA | W15: NA | AA15: NA | AE15: NA | AI15: NA | AM15: NA | AQ15: NA | AU15: NA | AY15: NA | BC15: NA | BG15: NA | BK15: NA | BO15: NA | BS15: NA | BW15: NA | CA15: 201 | CE15: =CE16+1 -> 131 | CM15: 75 | CN15: =IF(ISERROR(VLOOKUP("Inbred HIPS_"&CN$4&"_"&$CM15,'Turkus Index'!$A:$D,4,FALSE)),"NA",VLOOKUP("Inbred HIPS_"&CN$4&"_"&$CM15,'Turkus Index'!$A:$D,4,FALSE)) -> NA | CP15: =IF(ISERROR(VLOOKUP("Inbred HIPS_"&CP$4&"_"&$CM15,'Turkus Index'!$A:$D,4,FALSE)),"NA",VLOOKUP("Inbred HIPS_"&CP$4&"_"&$CM15,'Turkus Index'!$A:$D,4,FALSE)) -> 521 | CR15: =IF(ISERROR(VLOOKUP("Inbred HIPS_"&CR$4&"_"&$CM15,'Turkus Index'!$A:$D,4,FALSE)),"NA",VLOOKUP("Inbred HIPS_"&CR$4&"_"&$CM15,'Turkus Index'!$A:$D,4,FALSE)) -> 522 | CT15: =IF(ISERROR(VLOOKUP("Inbred HIPS_"&CT$4&"_"&$CM15,'Turkus Index'!$A:$D,4,FALSE)),"NA",VLOOKUP("Inbred HIPS_"&CT$4&"_"&$CM15,'Turkus Index'!$A:$D,4,FALSE)) -> 523 | CV15: =IF(ISERROR(VLOOKUP("Inbred HIPS_"&CV$4&"_"&$CM15,'Turkus Index'!$A:$D,4,FALSE)),"NA",VLOOKUP("Inbred HIPS_"&CV$4&"_"&$CM15,'Turkus Index'!$A:$D,4,FALSE)) -> 524 | CX15: =IF(ISERROR(VLOOKUP("Inbred HIPS_"&CX$4&"_"&$CM15,'Turkus Index'!$A:$D,4,FALSE)),"NA",VLOOKUP("Inbred HIPS_"&CX$4&"_"&$CM15,'Turkus Index'!$A:$D,4,FALSE)) -> 525 | CZ15: =IF(ISERROR(VLOOKUP("Inbred HIPS_"&CZ$4&"_"&$CM15,'Turkus Index'!$A:$D,4,FALSE)),"NA",VLOOKUP("Inbred HIPS_"&CZ$4&"_"&$CM15,'Turkus Index'!$A:$D,4,FALSE)) -> 526 | DB15: =IF(ISERROR(VLOOKUP("Inbred HIPS_"&DB$4&"_"&$CM15,'Turkus Index'!$A:$D,4,FALSE)),"NA",VLOOKUP("Inbred HIPS_"&DB$4&"_"&$CM15,'Turkus Index'!$A:$D,4,FALSE)) -> 527 | DD15: =IF(ISERROR(VLOOKUP("Inbred HIPS_"&DD$4&"_"&$CM15,'Turkus Index'!$A:$D,4,FALSE)),"NA",VLOOKUP("Inbred HIPS_"&DD$4&"_"&$CM15,'Turkus Index'!$A:$D,4,FALSE)) -> 528 | DF15: =IF(ISERROR(VLOOKUP("Inbred HIPS_"&DF$4&"_"&$CM15,'Turkus Index'!$A:$D,4,FALSE)),"NA",VLOOKUP("Inbred HIPS_"&DF$4&"_"&$CM15,'Turkus Index'!$A:$D,4,FALSE)) -> 529 | DH15: =IF(ISERROR(VLOOKUP("Inbred HIPS_"&DH$4&"_"&$CM15,'Turkus Index'!$A:$D,4,FALSE)),"NA",VLOOKUP("Inbred HIPS_"&DH$4&"_"&$CM15,'Turkus Index'!$A:$D,4,FALSE)) -> 530 | DJ15: =IF(ISERROR(VLOOKUP("Inbred HIPS_"&DJ$4&"_"&$CM15,'Turkus Index'!$A:$D,4,FALSE)),"NA",VLOOKUP("Inbred HIPS_"&DJ$4&"_"&$CM15,'Turkus Index'!$A:$D,4,FALSE)) -> NA
B16: 32 | C16: NA | G16: NA | K16: NA | O16: NA | S16: NA | W16: NA | AA16: NA | AE16: NA | AI16: NA | AM16: NA | AQ16: NA | AU16: NA | AY16: NA | BC16: NA | BG16: NA | BK16: NA | BO16: NA | BS16: NA | BW16: NA | CA16: =CA17+1 -> 129 | CE16: =CA16+1 -> 130 | CM16: 74 | CN16: =IF(ISERROR(VLOOKUP("Inbred HIPS_"&CN$4&"_"&$CM16,'Turkus Index'!$A:$D,4,FALSE)),"NA",VLOOKUP("Inbred HIPS_"&CN$4&"_"&$CM16,'Turkus Index'!$A:$D,4,FALSE)) -> NA | CP16: =IF(ISERROR(VLOOKUP("Inbred HIPS_"&CP$4&"_"&$CM16,'Turkus Index'!$A:$D,4,FALSE)),"NA",VLOOKUP("Inbred HIPS_"&CP$4&"_"&$CM16,'Turkus Index'!$A:$D,4,FALSE)) -> 520 | CR16: =IF(ISERROR(VLOOKUP("Inbred HIPS_"&CR$4&"_"&$CM16,'Turkus Index'!$A:$D,4,FALSE)),"NA",VLOOKUP("Inbred HIPS_"&CR$4&"_"&$CM16,'Turkus Index'!$A:$D,4,FALSE)) -> 519 | CT16: =IF(ISERROR(VLOOKUP("Inbred HIPS_"&CT$4&"_"&$CM16,'Turkus Index'!$A:$D,4,FALSE)),"NA",VLOOKUP("Inbred HIPS_"&CT$4&"_"&$CM16,'Turkus Index'!$A:$D,4,FALSE)) -> 518 | CV16: =IF(ISERROR(VLOOKUP("Inbred HIPS_"&CV$4&"_"&$CM16,'Turkus Index'!$A:$D,4,FALSE)),"NA",VLOOKUP("Inbred HIPS_"&CV$4&"_"&$CM16,'Turkus Index'!$A:$D,4,FALSE)) -> 517 | CX16: =IF(ISERROR(VLOOKUP("Inbred HIPS_"&CX$4&"_"&$CM16,'Turkus Index'!$A:$D,4,FALSE)),"NA",VLOOKUP("Inbred HIPS_"&CX$4&"_"&$CM16,'Turkus Index'!$A:$D,4,FALSE)) -> 516 | CZ16: =IF(ISERROR(VLOOKUP("Inbred HIPS_"&CZ$4&"_"&$CM16,'Turkus Index'!$A:$D,4,FALSE)),"NA",VLOOKUP("Inbred HIPS_"&CZ$4&"_"&$CM16,'Turkus Index'!$A:$D,4,FALSE)) -> 515 | DB16: =IF(ISERROR(VLOOKUP("Inbred HIPS_"&DB$4&"_"&$CM16,'Turkus Index'!$A:$D,4,FALSE)),"NA",VLOOKUP("Inbred HIPS_"&DB$4&"_"&$CM16,'Turkus Index'!$A:$D,4,FALSE)) -> 514 | DD16: =IF(ISERROR(VLOOKUP("Inbred HIPS_"&DD$4&"_"&$CM16,'Turkus Index'!$A:$D,4,FALSE)),"NA",VLOOKUP("Inbred HIPS_"&DD$4&"_"&$CM16,'Turkus Index'!$A:$D,4,FALSE)) -> 513 | DF16: =IF(ISERROR(VLOOKUP("Inbred HIPS_"&DF$4&"_"&$CM16,'Turkus Index'!$A:$D,4,FALSE)),"NA",VLOOKUP("Inbred HIPS_"&DF$4&"_"&$CM16,'Turkus Index'!$A:$D,4,FALSE)) -> 512 | DH16: =IF(ISERROR(VLOOKUP("Inbred HIPS_"&DH$4&"_"&$CM16,'Turkus Index'!$A:$D,4,FALSE)),"NA",VLOOKUP("Inbred HIPS_"&DH$4&"_"&$CM16,'Turkus Index'!$A:$D,4,FALSE)) -> 511 | DJ16: =IF(ISERROR(VLOOKUP("Inbred HIPS_"&DJ$4&"_"&$CM16,'Turkus Index'!$A:$D,4,FALSE)),"NA",VLOOKUP("Inbred HIPS_"&DJ$4&"_"&$CM16,'Turkus Index'!$A:$D,4,FALSE)) -> NA
B17: 31 | C17: NA | G17: NA | K17: NA | O17: NA | S17: NA | W17: NA | AA17: NA | AE17: NA | AI17: NA | AM17: NA | AQ17: NA | AU17: NA | AY17: NA | BC17: NA | BG17: NA | BK17: NA | BO17: NA | BS17: NA | BW17: NA | CA17: =CE17+1 -> 128 | CE17: =CE18+1 -> 127 | CM17: 73 | CN17: =IF(ISERROR(VLOOKUP("Inbred HIPS_"&CN$4&"_"&$CM17,'Turkus Index'!$A:$D,4,FALSE)),"NA",VLOOKUP("Inbred HIPS_"&CN$4&"_"&$CM17,'Turkus Index'!$A:$D,4,FALSE)) -> NA | CP17: =IF(ISERROR(VLOOKUP("Inbred HIPS_"&CP$4&"_"&$CM17,'Turkus Index'!$A:$D,4,FALSE)),"NA",VLOOKUP("Inbred HIPS_"&CP$4&"_"&$CM17,'Turkus Index'!$A:$D,4,FALSE)) -> 501 | CR17: =IF(ISERROR(VLOOKUP("Inbred HIPS_"&CR$4&"_"&$CM17,'Turkus Index'!$A:$D,4,FALSE)),"NA",VLOOKUP("Inbred HIPS_"&CR$4&"_"&$CM17,'Turkus Index'!$A:$D,4,FALSE)) -> 502 | CT17: =IF(ISERROR(VLOOKUP("Inbred HIPS_"&CT$4&"_"&$CM17,'Turkus Index'!$A:$D,4,FALSE)),"NA",VLOOKUP("Inbred HIPS_"&CT$4&"_"&$CM17,'Turkus Index'!$A:$D,4,FALSE)) -> 503 | CV17: =IF(ISERROR(VLOOKUP("Inbred HIPS_"&CV$4&"_"&$CM17,'Turkus Index'!$A:$D,4,FALSE)),"NA",VLOOKUP("Inbred HIPS_"&CV$4&"_"&$CM17,'Turkus Index'!$A:$D,4,FALSE)) -> 504 | CX17: =IF(ISERROR(VLOOKUP("Inbred HIPS_"&CX$4&"_"&$CM17,'Turkus Index'!$A:$D,4,FALSE)),"NA",VLOOKUP("Inbred HIPS_"&CX$4&"_"&$CM17,'Turkus Index'!$A:$D,4,FALSE)) -> 505 | CZ17: =IF(ISERROR(VLOOKUP("Inbred HIPS_"&CZ$4&"_"&$CM17,'Turkus Index'!$A:$D,4,FALSE)),"NA",VLOOKUP("Inbred HIPS_"&CZ$4&"_"&$CM17,'Turkus Index'!$A:$D,4,FALSE)) -> 506 | DB17: =IF(ISERROR(VLOOKUP("Inbred HIPS_"&DB$4&"_"&$CM17,'Turkus Index'!$A:$D,4,FALSE)),"NA",VLOOKUP("Inbred HIPS_"&DB$4&"_"&$CM17,'Turkus Index'!$A:$D,4,FALSE)) -> 507 | DD17: =IF(ISERROR(VLOOKUP("Inbred HIPS_"&DD$4&"_"&$CM17,'Turkus Index'!$A:$D,4,FALSE)),"NA",VLOOKUP("Inbred HIPS_"&DD$4&"_"&$CM17,'Turkus Index'!$A:$D,4,FALSE)) -> 508 | DF17: =IF(ISERROR(VLOOKUP("Inbred HIPS_"&DF$4&"_"&$CM17,'Turkus Index'!$A:$D,4,FALSE)),"NA",VLOOKUP("Inbred HIPS_"&DF$4&"_"&$CM17,'Turkus Index'!$A:$D,4,FALSE)) -> 509 | DH17: =IF(ISERROR(VLOOKUP("Inbred HIPS_"&DH$4&"_"&$CM17,'Turkus Index'!$A:$D,4,FALSE)),"NA",VLOOKUP("Inbred HIPS_"&DH$4&"_"&$CM17,'Turkus Index'!$A:$D,4,FALSE)) -> 510 | DJ17: =IF(ISERROR(VLOOKUP("Inbred HIPS_"&DJ$4&"_"&$CM17,'Turkus Index'!$A:$D,4,FALSE)),"NA",VLOOKUP("Inbred HIPS_"&DJ$4&"_"&$CM17,'Turkus Index'!$A:$D,4,FALSE)) -> NA
B18: 30 | C18: NA | G18: NA | K18: NA | O18: NA | S18: NA | W18: NA | AA18: NA | AE18: NA | AI18: NA | AM18: NA | AQ18: NA | AU18: NA | AY18: NA | BC18: NA | BG18: NA | BK18: NA | BO18: NA | BS18: NA | BW18: NA | CA18: =CA19+1 -> 125 | CE18: =CA18+1 -> 126 | CM18: 72 | CN18: =IF(ISERROR(VLOOKUP("Inbred HIPS_"&CN$4&"_"&$CM18,'Turkus Index'!$A:$D,4,FALSE)),"NA",VLOOKUP("Inbred HIPS_"&CN$4&"_"&$CM18,'Turkus Index'!$A:$D,4,FALSE)) -> NA | CP18: =IF(ISERROR(VLOOKUP("Inbred HIPS_"&CP$4&"_"&$CM18,'Turkus Index'!$A:$D,4,FALSE)),"NA",VLOOKUP("Inbred HIPS_"&CP$4&"_"&$CM18,'Turkus Index'!$A:$D,4,FALSE)) -> 500 | CR18: =IF(ISERROR(VLOOKUP("Inbred HIPS_"&CR$4&"_"&$CM18,'Turkus Index'!$A:$D,4,FALSE)),"NA",VLOOKUP("Inbred HIPS_"&CR$4&"_"&$CM18,'Turkus Index'!$A:$D,4,FALSE)) -> 499 | CT18: =IF(ISERROR(VLOOKUP("Inbred HIPS_"&CT$4&"_"&$CM18,'Turkus Index'!$A:$D,4,FALSE)),"NA",VLOOKUP("Inbred HIPS_"&CT$4&"_"&$CM18,'Turkus Index'!$A:$D,4,FALSE)) -> 498 | CV18: =IF(ISERROR(VLOOKUP("Inbred HIPS_"&CV$4&"_"&$CM18,'Turkus Index'!$A:$D,4,FALSE)),"NA",VLOOKUP("Inbred HIPS_"&CV$4&"_"&$CM18,'Turkus Index'!$A:$D,4,FALSE)) -> 497 | CX18: =IF(ISERROR(VLOOKUP("Inbred HIPS_"&CX$4&"_"&$CM18,'Turkus Index'!$A:$D,4,FALSE)),"NA",VLOOKUP("Inbred HIPS_"&CX$4&"_"&$CM18,'Turkus Index'!$A:$D,4,FALSE)) -> 496 | CZ18: =IF(ISERROR(VLOOKUP("Inbred HIPS_"&CZ$4&"_"&$CM18,'Turkus Index'!$A:$D,4,FALSE)),"NA",VLOOKUP("Inbred HIPS_"&CZ$4&"_"&$CM18,'Turkus Index'!$A:$D,4,FALSE)) -> 495 | DB18: =IF(ISERROR(VLOOKUP("Inbred HIPS_"&DB$4&"_"&$CM18,'Turkus Index'!$A:$D,4,FALSE)),"NA",VLOOKUP("Inbred HIPS_"&DB$4&"_"&$CM18,'Turkus Index'!$A:$D,4,FALSE)) -> 494 | DD18: =IF(ISERROR(VLOOKUP("Inbred HIPS_"&DD$4&"_"&$CM18,'Turkus Index'!$A:$D,4,FALSE)),"NA",VLOOKUP("Inbred HIPS_"&DD$4&"_"&$CM18,'Turkus Index'!$A:$D,4,FALSE)) -> 493 | DF18: =IF(ISERROR(VLOOKUP("Inbred HIPS_"&DF$4&"_"&$CM18,'Turkus Index'!$A:$D,4,FALSE)),"NA",VLOOKUP("Inbred HIPS_"&DF$4&"_"&$CM18,'Turkus Index'!$A:$D,4,FALSE)) -> 492 | DH18: =IF(ISERROR(VLOOKUP("Inbred HIPS_"&DH$4&"_"&$CM18,'Turkus Index'!$A:$D,4,FALSE)),"NA",VLOOKUP("Inbred HIPS_"&DH$4&"_"&$CM18,'Turkus Index'!$A:$D,4,FALSE)) -> 491 | DJ18: =IF(ISERROR(VLOOKUP("Inbred HIPS_"&DJ$4&"_"&$CM18,'Turkus Index'!$A:$D,4,FALSE)),"NA",VLOOKUP("Inbred HIPS_"&DJ$4&"_"&$CM18,'Turkus Index'!$A:$D,4,FALSE)) -> NA
B19: 29 | C19: NA | G19: NA | K19: NA | O19: NA | S19: NA | W19: NA | AA19: NA | AE19: NA | AI19: NA | AM19: NA | AQ19: NA | AU19: NA | AY19: NA | BC19: NA | BG19: NA | BK19: NA | BO19: NA | BS19: NA | BW19: NA | CA19: =CE19+1 -> 124 | CE19: =CE20+1 -> 123 | CM19: 71 | CN19: =IF(ISERROR(VLOOKUP("Inbred HIPS_"&CN$4&"_"&$CM19,'Turkus Index'!$A:$D,4,FALSE)),"NA",VLOOKUP("Inbred HIPS_"&CN$4&"_"&$CM19,'Turkus Index'!$A:$D,4,FALSE)) -> NA | CP19: =IF(ISERROR(VLOOKUP("Inbred HIPS_"&CP$4&"_"&$CM19,'Turkus Index'!$A:$D,4,FALSE)),"NA",VLOOKUP("Inbred HIPS_"&CP$4&"_"&$CM19,'Turkus Index'!$A:$D,4,FALSE)) -> 481 | CR19: =IF(ISERROR(VLOOKUP("Inbred HIPS_"&CR$4&"_"&$CM19,'Turkus Index'!$A:$D,4,FALSE)),"NA",VLOOKUP("Inbred HIPS_"&CR$4&"_"&$CM19,'Turkus Index'!$A:$D,4,FALSE)) -> 482 | CT19: =IF(ISERROR(VLOOKUP("Inbred HIPS_"&CT$4&"_"&$CM19,'Turkus Index'!$A:$D,4,FALSE)),"NA",VLOOKUP("Inbred HIPS_"&CT$4&"_"&$CM19,'Turkus Index'!$A:$D,4,FALSE)) -> 483 | CV19: =IF(ISERROR(VLOOKUP("Inbred HIPS_"&CV$4&"_"&$CM19,'Turkus Index'!$A:$D,4,FALSE)),"NA",VLOOKUP("Inbred HIPS_"&CV$4&"_"&$CM19,'Turkus Index'!$A:$D,4,FALSE)) -> 484 | CX19: =IF(ISERROR(VLOOKUP("Inbred HIPS_"&CX$4&"_"&$CM19,'Turkus Index'!$A:$D,4,FALSE)),"NA",VLOOKUP("Inbred HIPS_"&CX$4&"_"&$CM19,'Turkus Index'!$A:$D,4,FALSE)) -> 485 | CZ19: =IF(ISERROR(VLOOKUP("Inbred HIPS_"&CZ$4&"_"&$CM19,'Turkus Index'!$A:$D,4,FALSE)),"NA",VLOOKUP("Inbred HIPS_"&CZ$4&"_"&$CM19,'Turkus Index'!$A:$D,4,FALSE)) -> 486 | DB19: =IF(ISERROR(VLOOKUP("Inbred HIPS_"&DB$4&"_"&$CM19,'Turkus Index'!$A:$D,4,FALSE)),"NA",VLOOKUP("Inbred HIPS_"&DB$4&"_"&$CM19,'Turkus Index'!$A:$D,4,FALSE)) -> 487 | DD19: =IF(ISERROR(VLOOKUP("Inbred HIPS_"&DD$4&"_"&$CM19,'Turkus Index'!$A:$D,4,FALSE)),"NA",VLOOKUP("Inbred HIPS_"&DD$4&"_"&$CM19,'Turkus Index'!$A:$D,4,FALSE)) -> 488 | DF19: =IF(ISERROR(VLOOKUP("Inbred HIPS_"&DF$4&"_"&$CM19,'Turkus Index'!$A:$D,4,FALSE)),"NA",VLOOKUP("Inbred HIPS_"&DF$4&"_"&$CM19,'Turkus Index'!$A:$D,4,FALSE)) -> 489 | DH19: =IF(ISERROR(VLOOKUP("Inbred HIPS_"&DH$4&"_"&$CM19,'Turkus Index'!$A:$D,4,FALSE)),"NA",VLOOKUP("Inbred HIPS_"&DH$4&"_"&$CM19,'Turkus Index'!$A:$D,4,FALSE)) -> 490 | DJ19: =IF(ISERROR(VLOOKUP("Inbred HIPS_"&DJ$4&"_"&$CM19,'Turkus Index'!$A:$D,4,FALSE)),"NA",VLOOKUP("Inbred HIPS_"&DJ$4&"_"&$CM19,'Turkus Index'!$A:$D,4,FALSE)) -> NA
B20: 28 | C20: NA | G20: NA | K20: NA | O20: NA | S20: NA | W20: NA | AA20: NA | AE20: NA | AI20: NA | AM20: NA | AQ20: NA | AU20: NA | AY20: NA | BC20: NA | BG20: NA | BK20: NA | BO20: NA | BS20: NA | BW20: NA | CA20: =CA21+1 -> 121 | CE20: =CA20+1 -> 122 | CM20: 70 | CN20: =IF(ISERROR(VLOOKUP("Inbred HIPS_"&CN$4&"_"&$CM20,'Turkus Index'!$A:$D,4,FALSE)),"NA",VLOOKUP("Inbred HIPS_"&CN$4&"_"&$CM20,'Turkus Index'!$A:$D,4,FALSE)) -> NA | CP20: =IF(ISERROR(VLOOKUP("Inbred HIPS_"&CP$4&"_"&$CM20,'Turkus Index'!$A:$D,4,FALSE)),"NA",VLOOKUP("Inbred HIPS_"&CP$4&"_"&$CM20,'Turkus Index'!$A:$D,4,FALSE)) -> 480 | CR20: =IF(ISERROR(VLOOKUP("Inbred HIPS_"&CR$4&"_"&$CM20,'Turkus Index'!$A:$D,4,FALSE)),"NA",VLOOKUP("Inbred HIPS_"&CR$4&"_"&$CM20,'Turkus Index'!$A:$D,4,FALSE)) -> 479 | CT20: =IF(ISERROR(VLOOKUP("Inbred HIPS_"&CT$4&"_"&$CM20,'Turkus Index'!$A:$D,4,FALSE)),"NA",VLOOKUP("Inbred HIPS_"&CT$4&"_"&$CM20,'Turkus Index'!$A:$D,4,FALSE)) -> 478 | CV20: =IF(ISERROR(VLOOKUP("Inbred HIPS_"&CV$4&"_"&$CM20,'Turkus Index'!$A:$D,4,FALSE)),"NA",VLOOKUP("Inbred HIPS_"&CV$4&"_"&$CM20,'Turkus Index'!$A:$D,4,FALSE)) -> 477 | CX20: =IF(ISERROR(VLOOKUP("Inbred HIPS_"&CX$4&"_"&$CM20,'Turkus Index'!$A:$D,4,FALSE)),"NA",VLOOKUP("Inbred HIPS_"&CX$4&"_"&$CM20,'Turkus Index'!$A:$D,4,FALSE)) -> 476 | CZ20: =IF(ISERROR(VLOOKUP("Inbred HIPS_"&CZ$4&"_"&$CM20,'Turkus Index'!$A:$D,4,FALSE)),"NA",VLOOKUP("Inbred HIPS_"&CZ$4&"_"&$CM20,'Turkus Index'!$A:$D,4,FALSE)) -> 475 | DB20: =IF(ISERROR(VLOOKUP("Inbred HIPS_"&DB$4&"_"&$CM20,'Turkus Index'!$A:$D,4,FALSE)),"NA",VLOOKUP("Inbred HIPS_"&DB$4&"_"&$CM20,'Turkus Index'!$A:$D,4,FALSE)) -> 474 | DD20: =IF(ISERROR(VLOOKUP("Inbred HIPS_"&DD$4&"_"&$CM20,'Turkus Index'!$A:$D,4,FALSE)),"NA",VLOOKUP("Inbred HIPS_"&DD$4&"_"&$CM20,'Turkus Index'!$A:$D,4,FALSE)) -> 473 | DF20: =IF(ISERROR(VLOOKUP("Inbred HIPS_"&DF$4&"_"&$CM20,'Turkus Index'!$A:$D,4,FALSE)),"NA",VLOOKUP("Inbred HIPS_"&DF$4&"_"&$CM20,'Turkus Index'!$A:$D,4,FALSE)) -> 472 | DH20: =IF(ISERROR(VLOOKUP("Inbred HIPS_"&DH$4&"_"&$CM20,'Turkus Index'!$A:$D,4,FALSE)),"NA",VLOOKUP("Inbred HIPS_"&DH$4&"_"&$CM20,'Turkus Index'!$A:$D,4,FALSE)) -> 471 | DJ20: =IF(ISERROR(VLOOKUP("Inbred HIPS_"&DJ$4&"_"&$CM20,'Turkus Index'!$A:$D,4,FALSE)),"NA",VLOOKUP("Inbred HIPS_"&DJ$4&"_"&$CM20,'Turkus Index'!$A:$D,4,FALSE)) -> NA
B21: 27 | C21: NA | G21: NA | K21: NA | O21: NA | S21: NA | W21: NA | AA21: NA | AE21: NA | AI21: NA | AM21: NA | AQ21: NA | AU21: NA | AY21: NA | BC21: NA | BG21: NA | BK21: NA | BO21: NA | BS21: NA | BW21: NA | CA21: =CE21+1 -> 120 | CE21: =CE22+1 -> 119 | CM21: 69 | CN21: =IF(ISERROR(VLOOKUP("Inbred HIPS_"&CN$4&"_"&$CM21,'Turkus Index'!$A:$D,4,FALSE)),"NA",VLOOKUP("Inbred HIPS_"&CN$4&"_"&$CM21,'Turkus Index'!$A:$D,4,FALSE)) -> NA | CP21: =IF(ISERROR(VLOOKUP("Inbred HIPS_"&CP$4&"_"&$CM21,'Turkus Index'!$A:$D,4,FALSE)),"NA",VLOOKUP("Inbred HIPS_"&CP$4&"_"&$CM21,'Turkus Index'!$A:$D,4,FALSE)) -> 461 | CR21: =IF(ISERROR(VLOOKUP("Inbred HIPS_"&CR$4&"_"&$CM21,'Turkus Index'!$A:$D,4,FALSE)),"NA",VLOOKUP("Inbred HIPS_"&CR$4&"_"&$CM21,'Turkus Index'!$A:$D,4,FALSE)) -> 462 | CT21: =IF(ISERROR(VLOOKUP("Inbred HIPS_"&CT$4&"_"&$CM21,'Turkus Index'!$A:$D,4,FALSE)),"NA",VLOOKUP("Inbred HIPS_"&CT$4&"_"&$CM21,'Turkus Index'!$A:$D,4,FALSE)) -> 463 | CV21: =IF(ISERROR(VLOOKUP("Inbred HIPS_"&CV$4&"_"&$CM21,'Turkus Index'!$A:$D,4,FALSE)),"NA",VLOOKUP("Inbred HIPS_"&CV$4&"_"&$CM21,'Turkus Index'!$A:$D,4,FALSE)) -> 464 | CX21: =IF(ISERROR(VLOOKUP("Inbred HIPS_"&CX$4&"_"&$CM21,'Turkus Index'!$A:$D,4,FALSE)),"NA",VLOOKUP("Inbred HIPS_"&CX$4&"_"&$CM21,'Turkus Index'!$A:$D,4,FALSE)) -> 465 | CZ21: =IF(ISERROR(VLOOKUP("Inbred HIPS_"&CZ$4&"_"&$CM21,'Turkus Index'!$A:$D,4,FALSE)),"NA",VLOOKUP("Inbred HIPS_"&CZ$4&"_"&$CM21,'Turkus Index'!$A:$D,4,FALSE)) -> 466 | DB21: =IF(ISERROR(VLOOKUP("Inbred HIPS_"&DB$4&"_"&$CM21,'Turkus Index'!$A:$D,4,FALSE)),"NA",VLOOKUP("Inbred HIPS_"&DB$4&"_"&$CM21,'Turkus Index'!$A:$D,4,FALSE)) -> 467 | DD21: =IF(ISERROR(VLOOKUP("Inbred HIPS_"&DD$4&"_"&$CM21,'Turkus Index'!$A:$D,4,FALSE)),"NA",VLOOKUP("Inbred HIPS_"&DD$4&"_"&$CM21,'Turkus Index'!$A:$D,4,FALSE)) -> 468 | DF21: =IF(ISERROR(VLOOKUP("Inbred HIPS_"&DF$4&"_"&$CM21,'Turkus Index'!$A:$D,4,FALSE)),"NA",VLOOKUP("Inbred HIPS_"&DF$4&"_"&$CM21,'Turkus Index'!$A:$D,4,FALSE)) -> 469 | DH21: =IF(ISERROR(VLOOKUP("Inbred HIPS_"&DH$4&"_"&$CM21,'Turkus Index'!$A:$D,4,FALSE)),"NA",VLOOKUP("Inbred HIPS_"&DH$4&"_"&$CM21,'Turkus Index'!$A:$D,4,FALSE)) -> 470 | DJ21: =IF(ISERROR(VLOOKUP("Inbred HIPS_"&DJ$4&"_"&$CM21,'Turkus Index'!$A:$D,4,FALSE)),"NA",VLOOKUP("Inbred HIPS_"&DJ$4&"_"&$CM21,'Turkus Index'!$A:$D,4,FALSE)) -> NA
B22: 26 | C22: NA | G22: NA | K22: NA | O22: NA | S22: NA | W22: NA | AA22: NA | AE22: NA | AI22: NA | AM22: NA | AQ22: NA | AU22: NA | AY22: NA | BC22: NA | BG22: NA | BK22: NA | BO22: NA | BS22: NA | BW22: NA | CA22: =CA23+1 -> 117 | CE22: =CA22+1 -> 118 | CM22: 68 | CN22: =IF(ISERROR(VLOOKUP("Inbred HIPS_"&CN$4&"_"&$CM22,'Turkus Index'!$A:$D,4,FALSE)),"NA",VLOOKUP("Inbred HIPS_"&CN$4&"_"&$CM22,'Turkus Index'!$A:$D,4,FALSE)) -> NA | CP22: =IF(ISERROR(VLOOKUP("Inbred HIPS_"&CP$4&"_"&$CM22,'Turkus Index'!$A:$D,4,FALSE)),"NA",VLOOKUP("Inbred HIPS_"&CP$4&"_"&$CM22,'Turkus Index'!$A:$D,4,FALSE)) -> 460 | CR22: =IF(ISERROR(VLOOKUP("Inbred HIPS_"&CR$4&"_"&$CM22,'Turkus Index'!$A:$D,4,FALSE)),"NA",VLOOKUP("Inbred HIPS_"&CR$4&"_"&$CM22,'Turkus Index'!$A:$D,4,FALSE)) -> 459 | CT22: =IF(ISERROR(VLOOKUP("Inbred HIPS_"&CT$4&"_"&$CM22,'Turkus Index'!$A:$D,4,FALSE)),"NA",VLOOKUP("Inbred HIPS_"&CT$4&"_"&$CM22,'Turkus Index'!$A:$D,4,FALSE)) -> 458 | CV22: =IF(ISERROR(VLOOKUP("Inbred HIPS_"&CV$4&"_"&$CM22,'Turkus Index'!$A:$D,4,FALSE)),"NA",VLOOKUP("Inbred HIPS_"&CV$4&"_"&$CM22,'Turkus Index'!$A:$D,4,FALSE)) -> 457 | CX22: =IF(ISERROR(VLOOKUP("Inbred HIPS_"&CX$4&"_"&$CM22,'Turkus Index'!$A:$D,4,FALSE)),"NA",VLOOKUP("Inbred HIPS_"&CX$4&"_"&$CM22,'Turkus Index'!$A:$D,4,FALSE)) -> 456 | CZ22: =IF(ISERROR(VLOOKUP("Inbred HIPS_"&CZ$4&"_"&$CM22,'Turkus Index'!$A:$D,4,FALSE)),"NA",VLOOKUP("Inbred HIPS_"&CZ$4&"_"&$CM22,'Turkus Index'!$A:$D,4,FALSE)) -> 455 | DB22: =IF(ISERROR(VLOOKUP("Inbred HIPS_"&DB$4&"_"&$CM22,'Turkus Index'!$A:$D,4,FALSE)),"NA",VLOOKUP("Inbred HIPS_"&DB$4&"_"&$CM22,'Turkus Index'!$A:$D,4,FALSE)) -> 454 | DD22: =IF(ISERROR(VLOOKUP("Inbred HIPS_"&DD$4&"_"&$CM22,'Turkus Index'!$A:$D,4,FALSE)),"NA",VLOOKUP("Inbred HIPS_"&DD$4&"_"&$CM22,'Turkus Index'!$A:$D,4,FALSE)) -> 453 | DF22: =IF(ISERROR(VLOOKUP("Inbred HIPS_"&DF$4&"_"&$CM22,'Turkus Index'!$A:$D,4,FALSE)),"NA",VLOOKUP("Inbred HIPS_"&DF$4&"_"&$CM22,'Turkus Index'!$A:$D,4,FALSE)) -> 452 | DH22: =IF(ISERROR(VLOOKUP("Inbred HIPS_"&DH$4&"_"&$CM22,'Turkus Index'!$A:$D,4,FALSE)),"NA",VLOOKUP("Inbred HIPS_"&DH$4&"_"&$CM22,'Turkus Index'!$A:$D,4,FALSE)) -> 451 | DJ22: =IF(ISERROR(VLOOKUP("Inbred HIPS_"&DJ$4&"_"&$CM22,'Turkus Index'!$A:$D,4,FALSE)),"NA",VLOOKUP("Inbred HIPS_"&DJ$4&"_"&$CM22,'Turkus Index'!$A:$D,4,FALSE)) -> NA
B23: 25 | C23: NA | G23: NA | K23: NA | O23: NA | S23: NA | W23: NA | AA23: NA | AE23: NA | AI23: NA | AM23: NA | AQ23: NA | AU23: NA | AY23: NA | BC23: NA | BG23: NA | BK23: NA | BO23: NA | BS23: NA | BW23: NA | CA23: =CE23+1 -> 116 | CE23: =CE24+1 -> 115 | CM23: 67 | CN23: =IF(ISERROR(VLOOKUP("Inbred HIPS_"&CN$4&"_"&$CM23,'Turkus Index'!$A:$D,4,FALSE)),"NA",VLOOKUP("Inbred HIPS_"&CN$4&"_"&$CM23,'Turkus Index'!$A:$D,4,FALSE)) -> NA | CP23: =IF(ISERROR(VLOOKUP("Inbred HIPS_"&CP$4&"_"&$CM23,'Turkus Index'!$A:$D,4,FALSE)),"NA",VLOOKUP("Inbred HIPS_"&CP$4&"_"&$CM23,'Turkus Index'!$A:$D,4,FALSE)) -> 441 | CR23: =IF(ISERROR(VLOOKUP("Inbred HIPS_"&CR$4&"_"&$CM23,'Turkus Index'!$A:$D,4,FALSE)),"NA",VLOOKUP("Inbred HIPS_"&CR$4&"_"&$CM23,'Turkus Index'!$A:$D,4,FALSE)) -> 442 | CT23: =IF(ISERROR(VLOOKUP("Inbred HIPS_"&CT$4&"_"&$CM23,'Turkus Index'!$A:$D,4,FALSE)),"NA",VLOOKUP("Inbred HIPS_"&CT$4&"_"&$CM23,'Turkus Index'!$A:$D,4,FALSE)) -> 443 | CV23: =IF(ISERROR(VLOOKUP("Inbred HIPS_"&CV$4&"_"&$CM23,'Turkus Index'!$A:$D,4,FALSE)),"NA",VLOOKUP("Inbred HIPS_"&CV$4&"_"&$CM23,'Turkus Index'!$A:$D,4,FALSE)) -> 444 | CX23: =IF(ISERROR(VLOOKUP("Inbred HIPS_"&CX$4&"_"&$CM23,'Turkus Index'!$A:$D,4,FALSE)),"NA",VLOOKUP("Inbred HIPS_"&CX$4&"_"&$CM23,'Turkus Index'!$A:$D,4,FALSE)) -> 445 | CZ23: =IF(ISERROR(VLOOKUP("Inbred HIPS_"&CZ$4&"_"&$CM23,'Turkus Index'!$A:$D,4,FALSE)),"NA",VLOOKUP("Inbred HIPS_"&CZ$4&"_"&$CM23,'Turkus Index'!$A:$D,4,FALSE)) -> 446 | DB23: =IF(ISERROR(VLOOKUP("Inbred HIPS_"&DB$4&"_"&$CM23,'Turkus Index'!$A:$D,4,FALSE)),"NA",VLOOKUP("Inbred HIPS_"&DB$4&"_"&$CM23,'Turkus Index'!$A:$D,4,FALSE)) -> 447 | DD23: =IF(ISERROR(VLOOKUP("Inbred HIPS_"&DD$4&"_"&$CM23,'Turkus Index'!$A:$D,4,FALSE)),"NA",VLOOKUP("Inbred HIPS_"&DD$4&"_"&$CM23,'Turkus Index'!$A:$D,4,FALSE)) -> 448 | DF23: =IF(ISERROR(VLOOKUP("Inbred HIPS_"&DF$4&"_"&$CM23,'Turkus Index'!$A:$D,4,FALSE)),"NA",VLOOKUP("Inbred HIPS_"&DF$4&"_"&$CM23,'Turkus Index'!$A:$D,4,FALSE)) -> 449 | DH23: =IF(ISERROR(VLOOKUP("Inbred HIPS_"&DH$4&"_"&$CM23,'Turkus Index'!$A:$D,4,FALSE)),"NA",VLOOKUP("Inbred HIPS_"&DH$4&"_"&$CM23,'Turkus Index'!$A:$D,4,FALSE)) -> 450 | DJ23: =IF(ISERROR(VLOOKUP("Inbred HIPS_"&DJ$4&"_"&$CM23,'Turkus Index'!$A:$D,4,FALSE)),"NA",VLOOKUP("Inbred HIPS_"&DJ$4&"_"&$CM23,'Turkus Index'!$A:$D,4,FALSE)) -> NA
B24: 24 | C24: NA | G24: NA | K24: NA | O24: NA | S24: NA | W24: NA | AA24: NA | AE24: NA | AI24: NA | AM24: NA | AQ24: NA | AU24: NA | AY24: NA | BC24: NA | BG24: NA | BK24: NA | BO24: NA | BS24: NA | BW24: NA | CA24: =CA25+1 -> 113 | CE24: =CA24+1 -> 114 | CM24: 66 | CN24: =IF(ISERROR(VLOOKUP("Inbred HIPS_"&CN$4&"_"&$CM24,'Turkus Index'!$A:$D,4,FALSE)),"NA",VLOOKUP("Inbred HIPS_"&CN$4&"_"&$CM24,'Turkus Index'!$A:$D,4,FALSE)) -> NA | CP24: =IF(ISERROR(VLOOKUP("Inbred HIPS_"&CP$4&"_"&$CM24,'Turkus Index'!$A:$D,4,FALSE)),"NA",VLOOKUP("Inbred HIPS_"&CP$4&"_"&$CM24,'Turkus Index'!$A:$D,4,FALSE)) -> 440 | CR24: =IF(ISERROR(VLOOKUP("Inbred HIPS_"&CR$4&"_"&$CM24,'Turkus Index'!$A:$D,4,FALSE)),"NA",VLOOKUP("Inbred HIPS_"&CR$4&"_"&$CM24,'Turkus Index'!$A:$D,4,FALSE)) -> 439 | CT24: =IF(ISERROR(VLOOKUP("Inbred HIPS_"&CT$4&"_"&$CM24,'Turkus Index'!$A:$D,4,FALSE)),"NA",VLOOKUP("Inbred HIPS_"&CT$4&"_"&$CM24,'Turkus Index'!$A:$D,4,FALSE)) -> 438 | CV24: =IF(ISERROR(VLOOKUP("Inbred HIPS_"&CV$4&"_"&$CM24,'Turkus Index'!$A:$D,4,FALSE)),"NA",VLOOKUP("Inbred HIPS_"&CV$4&"_"&$CM24,'Turkus Index'!$A:$D,4,FALSE)) -> 437 | CX24: =IF(ISERROR(VLOOKUP("Inbred HIPS_"&CX$4&"_"&$CM24,'Turkus Index'!$A:$D,4,FALSE)),"NA",VLOOKUP("Inbred HIPS_"&CX$4&"_"&$CM24,'Turkus Index'!$A:$D,4,FALSE)) -> 436 | CZ24: =IF(ISERROR(VLOOKUP("Inbred HIPS_"&CZ$4&"_"&$CM24,'Turkus Index'!$A:$D,4,FALSE)),"NA",VLOOKUP("Inbred HIPS_"&CZ$4&"_"&$CM24,'Turkus Index'!$A:$D,4,FALSE)) -> 435 | DB24: =IF(ISERROR(VLOOKUP("Inbred HIPS_"&DB$4&"_"&$CM24,'Turkus Index'!$A:$D,4,FALSE)),"NA",VLOOKUP("Inbred HIPS_"&DB$4&"_"&$CM24,'Turkus Index'!$A:$D,4,FALSE)) -> 434 | DD24: =IF(ISERROR(VLOOKUP("Inbred HIPS_"&DD$4&"_"&$CM24,'Turkus Index'!$A:$D,4,FALSE)),"NA",VLOOKUP("Inbred HIPS_"&DD$4&"_"&$CM24,'Turkus Index'!$A:$D,4,FALSE)) -> 433 | DF24: =IF(ISERROR(VLOOKUP("Inbred HIPS_"&DF$4&"_"&$CM24,'Turkus Index'!$A:$D,4,FALSE)),"NA",VLOOKUP("Inbred HIPS_"&DF$4&"_"&$CM24,'Turkus Index'!$A:$D,4,FALSE)) -> 432 | DH24: =IF(ISERROR(VLOOKUP("Inbred HIPS_"&DH$4&"_"&$CM24,'Turkus Index'!$A:$D,4,FALSE)),"NA",VLOOKUP("Inbred HIPS_"&DH$4&"_"&$CM24,'Turkus Index'!$A:$D,4,FALSE)) -> 431 | DJ24: =IF(ISERROR(VLOOKUP("Inbred HIPS_"&DJ$4&"_"&$CM24,'Turkus Index'!$A:$D,4,FALSE)),"NA",VLOOKUP("Inbred HIPS_"&DJ$4&"_"&$CM24,'Turkus Index'!$A:$D,4,FALSE)) -> NA
B25: 23 | C25: NA | G25: NA | K25: NA | O25: NA | S25: NA | W25: NA | AA25: NA | AE25: NA | AI25: NA | AM25: NA | AQ25: NA | AU25: NA | AY25: NA | BC25: NA | BG25: NA | BK25: NA | BO25: NA | BS25: NA | BW25: NA | CA25: =CE25+1 -> 112 | CE25: =CE26+1 -> 111 | CM25: 65 | CN25: =IF(ISERROR(VLOOKUP("Inbred HIPS_"&CN$4&"_"&$CM25,'Turkus Index'!$A:$D,4,FALSE)),"NA",VLOOKUP("Inbred HIPS_"&CN$4&"_"&$CM25,'Turkus Index'!$A:$D,4,FALSE)) -> NA | CP25: =IF(ISERROR(VLOOKUP("Inbred HIPS_"&CP$4&"_"&$CM25,'Turkus Index'!$A:$D,4,FALSE)),"NA",VLOOKUP("Inbred HIPS_"&CP$4&"_"&$CM25,'Turkus Index'!$A:$D,4,FALSE)) -> 421 | CR25: =IF(ISERROR(VLOOKUP("Inbred HIPS_"&CR$4&"_"&$CM25,'Turkus Index'!$A:$D,4,FALSE)),"NA",VLOOKUP("Inbred HIPS_"&CR$4&"_"&$CM25,'Turkus Index'!$A:$D,4,FALSE)) -> 422 | CT25: =IF(ISERROR(VLOOKUP("Inbred HIPS_"&CT$4&"_"&$CM25,'Turkus Index'!$A:$D,4,FALSE)),"NA",VLOOKUP("Inbred HIPS_"&CT$4&"_"&$CM25,'Turkus Index'!$A:$D,4,FALSE)) -> 423 | CV25: =IF(ISERROR(VLOOKUP("Inbred HIPS_"&CV$4&"_"&$CM25,'Turkus Index'!$A:$D,4,FALSE)),"NA",VLOOKUP("Inbred HIPS_"&CV$4&"_"&$CM25,'Turkus Index'!$A:$D,4,FALSE)) -> 424 | CX25: =IF(ISERROR(VLOOKUP("Inbred HIPS_"&CX$4&"_"&$CM25,'Turkus Index'!$A:$D,4,FALSE)),"NA",VLOOKUP("Inbred HIPS_"&CX$4&"_"&$CM25,'Turkus Index'!$A:$D,4,FALSE)) -> 425 | CZ25: =IF(ISERROR(VLOOKUP("Inbred HIPS_"&CZ$4&"_"&$CM25,'Turkus Index'!$A:$D,4,FALSE)),"NA",VLOOKUP("Inbred HIPS_"&CZ$4&"_"&$CM25,'Turkus Index'!$A:$D,4,FALSE)) -> 426 | DB25: =IF(ISERROR(VLOOKUP("Inbred HIPS_"&DB$4&"_"&$CM25,'Turkus Index'!$A:$D,4,FALSE)),"NA",VLOOKUP("Inbred HIPS_"&DB$4&"_"&$CM25,'Turkus Index'!$A:$D,4,FALSE)) -> 427 | DD25: =IF(ISERROR(VLOOKUP("Inbred HIPS_"&DD$4&"_"&$CM25,'Turkus Index'!$A:$D,4,FALSE)),"NA",VLOOKUP("Inbred HIPS_"&DD$4&"_"&$CM25,'Turkus Index'!$A:$D,4,FALSE)) -> 428 | DF25: =IF(ISERROR(VLOOKUP("Inbred HIPS_"&DF$4&"_"&$CM25,'Turkus Index'!$A:$D,4,FALSE)),"NA",VLOOKUP("Inbred HIPS_"&DF$4&"_"&$CM25,'Turkus Index'!$A:$D,4,FALSE)) -> 429 | DH25: =IF(ISERROR(VLOOKUP("Inbred HIPS_"&DH$4&"_"&$CM25,'Turkus Index'!$A:$D,4,FALSE)),"NA",VLOOKUP("Inbred HIPS_"&DH$4&"_"&$CM25,'Turkus Index'!$A:$D,4,FALSE)) -> 430 | DJ25: =IF(ISERROR(VLOOKUP("Inbred HIPS_"&DJ$4&"_"&$CM25,'Turkus Index'!$A:$D,4,FALSE)),"NA",VLOOKUP("Inbred HIPS_"&DJ$4&"_"&$CM25,'Turkus Index'!$A:$D,4,FALSE)) -> NA
B26: 22 | C26: NA | G26: NA | K26: NA | O26: NA | S26: NA | W26: NA | AA26: NA | AE26: NA | AI26: NA | AM26: NA | AQ26: NA | AU26: NA | AY26: NA | BC26: NA | BG26: NA | BK26: NA | BO26: NA | BS26: NA | BW26: NA | CA26: =CA27+1 -> 109 | CE26: =CA26+1 -> 110 | CM26: 64 | CN26: =IF(ISERROR(VLOOKUP("Inbred HIPS_"&CN$4&"_"&$CM26,'Turkus Index'!$A:$D,4,FALSE)),"NA",VLOOKUP("Inbred HIPS_"&CN$4&"_"&$CM26,'Turkus Index'!$A:$D,4,FALSE)) -> NA | CP26: =IF(ISERROR(VLOOKUP("Inbred HIPS_"&CP$4&"_"&$CM26,'Turkus Index'!$A:$D,4,FALSE)),"NA",VLOOKUP("Inbred HIPS_"&CP$4&"_"&$CM26,'Turkus Index'!$A:$D,4,FALSE)) -> 420 | CR26: =IF(ISERROR(VLOOKUP("Inbred HIPS_"&CR$4&"_"&$CM26,'Turkus Index'!$A:$D,4,FALSE)),"NA",VLOOKUP("Inbred HIPS_"&CR$4&"_"&$CM26,'Turkus Index'!$A:$D,4,FALSE)) -> 419 | CT26: =IF(ISERROR(VLOOKUP("Inbred HIPS_"&CT$4&"_"&$CM26,'Turkus Index'!$A:$D,4,FALSE)),"NA",VLOOKUP("Inbred HIPS_"&CT$4&"_"&$CM26,'Turkus Index'!$A:$D,4,FALSE)) -> 418 | CV26: =IF(ISERROR(VLOOKUP("Inbred HIPS_"&CV$4&"_"&$CM26,'Turkus Index'!$A:$D,4,FALSE)),"NA",VLOOKUP("Inbred HIPS_"&CV$4&"_"&$CM26,'Turkus Index'!$A:$D,4,FALSE)) -> 417 | CX26: =IF(ISERROR(VLOOKUP("Inbred HIPS_"&CX$4&"_"&$CM26,'Turkus Index'!$A:$D,4,FALSE)),"NA",VLOOKUP("Inbred HIPS_"&CX$4&"_"&$CM26,'Turkus Index'!$A:$D,4,FALSE)) -> 416 | CZ26: =IF(ISERROR(VLOOKUP("Inbred HIPS_"&CZ$4&"_"&$CM26,'Turkus Index'!$A:$D,4,FALSE)),"NA",VLOOKUP("Inbred HIPS_"&CZ$4&"_"&$CM26,'Turkus Index'!$A:$D,4,FALSE)) -> 415 | DB26: =IF(ISERROR(VLOOKUP("Inbred HIPS_"&DB$4&"_"&$CM26,'Turkus Index'!$A:$D,4,FALSE)),"NA",VLOOKUP("Inbred HIPS_"&DB$4&"_"&$CM26,'Turkus Index'!$A:$D,4,FALSE)) -> 414 | DD26: =IF(ISERROR(VLOOKUP("Inbred HIPS_"&DD$4&"_"&$CM26,'Turkus Index'!$A:$D,4,FALSE)),"NA",VLOOKUP("Inbred HIPS_"&DD$4&"_"&$CM26,'Turkus Index'!$A:$D,4,FALSE)) -> 413 | DF26: =IF(ISERROR(VLOOKUP("Inbred HIPS_"&DF$4&"_"&$CM26,'Turkus Index'!$A:$D,4,FALSE)),"NA",VLOOKUP("Inbred HIPS_"&DF$4&"_"&$CM26,'Turkus Index'!$A:$D,4,FALSE)) -> 412 | DH26: =IF(ISERROR(VLOOKUP("Inbred HIPS_"&DH$4&"_"&$CM26,'Turkus Index'!$A:$D,4,FALSE)),"NA",VLOOKUP("Inbred HIPS_"&DH$4&"_"&$CM26,'Turkus Index'!$A:$D,4,FALSE)) -> 411 | DJ26: =IF(ISERROR(VLOOKUP("Inbred HIPS_"&DJ$4&"_"&$CM26,'Turkus Index'!$A:$D,4,FALSE)),"NA",VLOOKUP("Inbred HIPS_"&DJ$4&"_"&$CM26,'Turkus Index'!$A:$D,4,FALSE)) -> NA
B27: 21 | C27: NA | G27: NA | K27: NA | O27: NA | S27: NA | W27: NA | AA27: NA | AE27: NA | AI27: NA | AM27: NA | AQ27: NA | AU27: NA | AY27: NA | BC27: NA | BG27: NA | BK27: NA | BO27: NA | BS27: NA | BW27: NA | CA27: =CE27+1 -> 108 | CE27: =CE28+1 -> 107 | CM27: 63 | CN27: =IF(ISERROR(VLOOKUP("Inbred HIPS_"&CN$4&"_"&$CM27,'Turkus Index'!$A:$D,4,FALSE)),"NA",VLOOKUP("Inbred HIPS_"&CN$4&"_"&$CM27,'Turkus Index'!$A:$D,4,FALSE)) -> NA | CP27: =IF(ISERROR(VLOOKUP("Inbred HIPS_"&CP$4&"_"&$CM27,'Turkus Index'!$A:$D,4,FALSE)),"NA",VLOOKUP("Inbred HIPS_"&CP$4&"_"&$CM27,'Turkus Index'!$A:$D,4,FALSE)) -> 401 | CR27: =IF(ISERROR(VLOOKUP("Inbred HIPS_"&CR$4&"_"&$CM27,'Turkus Index'!$A:$D,4,FALSE)),"NA",VLOOKUP("Inbred HIPS_"&CR$4&"_"&$CM27,'Turkus Index'!$A:$D,4,FALSE)) -> 402 | CT27: =IF(ISERROR(VLOOKUP("Inbred HIPS_"&CT$4&"_"&$CM27,'Turkus Index'!$A:$D,4,FALSE)),"NA",VLOOKUP("Inbred HIPS_"&CT$4&"_"&$CM27,'Turkus Index'!$A:$D,4,FALSE)) -> 403 | CV27: =IF(ISERROR(VLOOKUP("Inbred HIPS_"&CV$4&"_"&$CM27,'Turkus Index'!$A:$D,4,FALSE)),"NA",VLOOKUP("Inbred HIPS_"&CV$4&"_"&$CM27,'Turkus Index'!$A:$D,4,FALSE)) -> 404 | CX27: =IF(ISERROR(VLOOKUP("Inbred HIPS_"&CX$4&"_"&$CM27,'Turkus Index'!$A:$D,4,FALSE)),"NA",VLOOKUP("Inbred HIPS_"&CX$4&"_"&$CM27,'Turkus Index'!$A:$D,4,FALSE)) -> 405 | CZ27: =IF(ISERROR(VLOOKUP("Inbred HIPS_"&CZ$4&"_"&$CM27,'Turkus Index'!$A:$D,4,FALSE)),"NA",VLOOKUP("Inbred HIPS_"&CZ$4&"_"&$CM27,'Turkus Index'!$A:$D,4,FALSE)) -> 406 | DB27: =IF(ISERROR(VLOOKUP("Inbred HIPS_"&DB$4&"_"&$CM27,'Turkus Index'!$A:$D,4,FALSE)),"NA",VLOOKUP("Inbred HIPS_"&DB$4&"_"&$CM27,'Turkus Index'!$A:$D,4,FALSE)) -> 407 | DD27: =IF(ISERROR(VLOOKUP("Inbred HIPS_"&DD$4&"_"&$CM27,'Turkus Index'!$A:$D,4,FALSE)),"NA",VLOOKUP("Inbred HIPS_"&DD$4&"_"&$CM27,'Turkus Index'!$A:$D,4,FALSE)) -> 408 | DF27: =IF(ISERROR(VLOOKUP("Inbred HIPS_"&DF$4&"_"&$CM27,'Turkus Index'!$A:$D,4,FALSE)),"NA",VLOOKUP("Inbred HIPS_"&DF$4&"_"&$CM27,'Turkus Index'!$A:$D,4,FALSE)) -> 409 | DH27: =IF(ISERROR(VLOOKUP("Inbred HIPS_"&DH$4&"_"&$CM27,'Turkus Index'!$A:$D,4,FALSE)),"NA",VLOOKUP("Inbred HIPS_"&DH$4&"_"&$CM27,'Turkus Index'!$A:$D,4,FALSE)) -> 410 | DJ27: =IF(ISERROR(VLOOKUP("Inbred HIPS_"&DJ$4&"_"&$CM27,'Turkus Index'!$A:$D,4,FALSE)),"NA",VLOOKUP("Inbred HIPS_"&DJ$4&"_"&$CM27,'Turkus Index'!$A:$D,4,FALSE)) -> NA
B28: 20 | C28: NA | G28: NA | K28: NA | O28: NA | S28: NA | W28: NA | AA28: NA | AE28: NA | AI28: NA | AM28: NA | AQ28: NA | AU28: NA | AY28: NA | BC28: NA | BG28: NA | BK28: NA | BO28: NA | BS28: NA | BW28: NA | CA28: =CA29+1 -> 105 | CE28: =CA28+1 -> 106 | CM28: 62 | CN28: =IF(ISERROR(VLOOKUP("Inbred HIPS_"&CN$4&"_"&$CM28,'Turkus Index'!$A:$D,4,FALSE)),"NA",VLOOKUP("Inbred HIPS_"&CN$4&"_"&$CM28,'Turkus Index'!$A:$D,4,FALSE)) -> NA | CP28: =IF(ISERROR(VLOOKUP("Inbred HIPS_"&CP$4&"_"&$CM28,'Turkus Index'!$A:$D,4,FALSE)),"NA",VLOOKUP("Inbred HIPS_"&CP$4&"_"&$CM28,'Turkus Index'!$A:$D,4,FALSE)) -> 400 | CR28: =IF(ISERROR(VLOOKUP("Inbred HIPS_"&CR$4&"_"&$CM28,'Turkus Index'!$A:$D,4,FALSE)),"NA",VLOOKUP("Inbred HIPS_"&CR$4&"_"&$CM28,'Turkus Index'!$A:$D,4,FALSE)) -> 399 | CT28: =IF(ISERROR(VLOOKUP("Inbred HIPS_"&CT$4&"_"&$CM28,'Turkus Index'!$A:$D,4,FALSE)),"NA",VLOOKUP("Inbred HIPS_"&CT$4&"_"&$CM28,'Turkus Index'!$A:$D,4,FALSE)) -> 398 | CV28: =IF(ISERROR(VLOOKUP("Inbred HIPS_"&CV$4&"_"&$CM28,'Turkus Index'!$A:$D,4,FALSE)),"NA",VLOOKUP("Inbred HIPS_"&CV$4&"_"&$CM28,'Turkus Index'!$A:$D,4,FALSE)) -> 397 | CX28: =IF(ISERROR(VLOOKUP("Inbred HIPS_"&CX$4&"_"&$CM28,'Turkus Index'!$A:$D,4,FALSE)),"NA",VLOOKUP("Inbred HIPS_"&CX$4&"_"&$CM28,'Turkus Index'!$A:$D,4,FALSE)) -> 396 | CZ28: =IF(ISERROR(VLOOKUP("Inbred HIPS_"&CZ$4&"_"&$CM28,'Turkus Index'!$A:$D,4,FALSE)),"NA",VLOOKUP("Inbred HIPS_"&CZ$4&"_"&$CM28,'Turkus Index'!$A:$D,4,FALSE)) -> 395 | DB28: =IF(ISERROR(VLOOKUP("Inbred HIPS_"&DB$4&"_"&$CM28,'Turkus Index'!$A:$D,4,FALSE)),"NA",VLOOKUP("Inbred HIPS_"&DB$4&"_"&$CM28,'Turkus Index'!$A:$D,4,FALSE)) -> 394 | DD28: =IF(ISERROR(VLOOKUP("Inbred HIPS_"&DD$4&"_"&$CM28,'Turkus Index'!$A:$D,4,FALSE)),"NA",VLOOKUP("Inbred HIPS_"&DD$4&"_"&$CM28,'Turkus Index'!$A:$D,4,FALSE)) -> 393 | DF28: =IF(ISERROR(VLOOKUP("Inbred HIPS_"&DF$4&"_"&$CM28,'Turkus Index'!$A:$D,4,FALSE)),"NA",VLOOKUP("Inbred HIPS_"&DF$4&"_"&$CM28,'Turkus Index'!$A:$D,4,FALSE)) -> 392 | DH28: =IF(ISERROR(VLOOKUP("Inbred HIPS_"&DH$4&"_"&$CM28,'Turkus Index'!$A:$D,4,FALSE)),"NA",VLOOKUP("Inbred HIPS_"&DH$4&"_"&$CM28,'Turkus Index'!$A:$D,4,FALSE)) -> 391 | DJ28: =IF(ISERROR(VLOOKUP("Inbred HIPS_"&DJ$4&"_"&$CM28,'Turkus Index'!$A:$D,4,FALSE)),"NA",VLOOKUP("Inbred HIPS_"&DJ$4&"_"&$CM28,'Turkus Index'!$A:$D,4,FALSE)) -> NA
B29: 19 | C29: NA | G29: NA | K29: NA | O29: NA | S29: NA | W29: NA | AA29: NA | AE29: NA | AI29: NA | AM29: NA | AQ29: NA | AU29: NA | AY29: NA | BC29: NA | BG29: NA | BK29: NA | BO29: NA | BS29: NA | BW29: NA | CA29: =CE29+1 -> 104 | CE29: =CE30+1 -> 103 | CM29: 61 | CN29: =IF(ISERROR(VLOOKUP("Inbred HIPS_"&CN$4&"_"&$CM29,'Turkus Index'!$A:$D,4,FALSE)),"NA",VLOOKUP("Inbred HIPS_"&CN$4&"_"&$CM29,'Turkus Index'!$A:$D,4,FALSE)) -> NA | CP29: =IF(ISERROR(VLOOKUP("Inbred HIPS_"&CP$4&"_"&$CM29,'Turkus Index'!$A:$D,4,FALSE)),"NA",VLOOKUP("Inbred HIPS_"&CP$4&"_"&$CM29,'Turkus Index'!$A:$D,4,FALSE)) -> 381 | CR29: =IF(ISERROR(VLOOKUP("Inbred HIPS_"&CR$4&"_"&$CM29,'Turkus Index'!$A:$D,4,FALSE)),"NA",VLOOKUP("Inbred HIPS_"&CR$4&"_"&$CM29,'Turkus Index'!$A:$D,4,FALSE)) -> 382 | CT29: =IF(ISERROR(VLOOKUP("Inbred HIPS_"&CT$4&"_"&$CM29,'Turkus Index'!$A:$D,4,FALSE)),"NA",VLOOKUP("Inbred HIPS_"&CT$4&"_"&$CM29,'Turkus Index'!$A:$D,4,FALSE)) -> 383 | CV29: =IF(ISERROR(VLOOKUP("Inbred HIPS_"&CV$4&"_"&$CM29,'Turkus Index'!$A:$D,4,FALSE)),"NA",VLOOKUP("Inbred HIPS_"&CV$4&"_"&$CM29,'Turkus Index'!$A:$D,4,FALSE)) -> 384 | CX29: =IF(ISERROR(VLOOKUP("Inbred HIPS_"&CX$4&"_"&$CM29,'Turkus Index'!$A:$D,4,FALSE)),"NA",VLOOKUP("Inbred HIPS_"&CX$4&"_"&$CM29,'Turkus Index'!$A:$D,4,FALSE)) -> 385 | CZ29: =IF(ISERROR(VLOOKUP("Inbred HIPS_"&CZ$4&"_"&$CM29,'Turkus Index'!$A:$D,4,FALSE)),"NA",VLOOKUP("Inbred HIPS_"&CZ$4&"_"&$CM29,'Turkus Index'!$A:$D,4,FALSE)) -> 386 | DB29: =IF(ISERROR(VLOOKUP("Inbred HIPS_"&DB$4&"_"&$CM29,'Turkus Index'!$A:$D,4,FALSE)),"NA",VLOOKUP("Inbred HIPS_"&DB$4&"_"&$CM29,'Turkus Index'!$A:$D,4,FALSE)) -> 387 | DD29: =IF(ISERROR(VLOOKUP("Inbred HIPS_"&DD$4&"_"&$CM29,'Turkus Index'!$A:$D,4,FALSE)),"NA",VLOOKUP("Inbred HIPS_"&DD$4&"_"&$CM29,'Turkus Index'!$A:$D,4,FALSE)) -> 388 | DF29: =IF(ISERROR(VLOOKUP("Inbred HIPS_"&DF$4&"_"&$CM29,'Turkus Index'!$A:$D,4,FALSE)),"NA",VLOOKUP("Inbred HIPS_"&DF$4&"_"&$CM29,'Turkus Index'!$A:$D,4,FALSE)) -> 389 | DH29: =IF(ISERROR(VLOOKUP("Inbred HIPS_"&DH$4&"_"&$CM29,'Turkus Index'!$A:$D,4,FALSE)),"NA",VLOOKUP("Inbred HIPS_"&DH$4&"_"&$CM29,'Turkus Index'!$A:$D,4,FALSE)) -> 390 | DJ29: =IF(ISERROR(VLOOKUP("Inbred HIPS_"&DJ$4&"_"&$CM29,'Turkus Index'!$A:$D,4,FALSE)),"NA",VLOOKUP("Inbred HIPS_"&DJ$4&"_"&$CM29,'Turkus Index'!$A:$D,4,FALSE)) -> NA
B30: 18 | C30: NA | G30: NA | K30: NA | O30: NA | S30: NA | W30: NA | AA30: NA | AE30: NA | AI30: NA | AM30: NA | AQ30: NA | AU30: NA | AY30: NA | BC30: NA | BG30: NA | BK30: NA | BO30: NA | BS30: NA | BW30: NA | CA30: 101 | CE30: 102 | CM30: 60 | CN30: =IF(ISERROR(VLOOKUP("Inbred HIPS_"&CN$4&"_"&$CM30,'Turkus Index'!$A:$D,4,FALSE)),"NA",VLOOKUP("Inbred HIPS_"&CN$4&"_"&$CM30,'Turkus Index'!$A:$D,4,FALSE)) -> NA | CP30: =IF(ISERROR(VLOOKUP("Inbred HIPS_"&CP$4&"_"&$CM30,'Turkus Index'!$A:$D,4,FALSE)),"NA",VLOOKUP("Inbred HIPS_"&CP$4&"_"&$CM30,'Turkus Index'!$A:$D,4,FALSE)) -> 380 | CR30: =IF(ISERROR(VLOOKUP("Inbred HIPS_"&CR$4&"_"&$CM30,'Turkus Index'!$A:$D,4,FALSE)),"NA",VLOOKUP("Inbred HIPS_"&CR$4&"_"&$CM30,'Turkus Index'!$A:$D,4,FALSE)) -> 379 | CT30: =IF(ISERROR(VLOOKUP("Inbred HIPS_"&CT$4&"_"&$CM30,'Turkus Index'!$A:$D,4,FALSE)),"NA",VLOOKUP("Inbred HIPS_"&CT$4&"_"&$CM30,'Turkus Index'!$A:$D,4,FALSE)) -> 378 | CV30: =IF(ISERROR(VLOOKUP("Inbred HIPS_"&CV$4&"_"&$CM30,'Turkus Index'!$A:$D,4,FALSE)),"NA",VLOOKUP("Inbred HIPS_"&CV$4&"_"&$CM30,'Turkus Index'!$A:$D,4,FALSE)) -> 377 | CX30: =IF(ISERROR(VLOOKUP("Inbred HIPS_"&CX$4&"_"&$CM30,'Turkus Index'!$A:$D,4,FALSE)),"NA",VLOOKUP("Inbred HIPS_"&CX$4&"_"&$CM30,'Turkus Index'!$A:$D,4,FALSE)) -> 376 | CZ30: =IF(ISERROR(VLOOKUP("Inbred HIPS_"&CZ$4&"_"&$CM30,'Turkus Index'!$A:$D,4,FALSE)),"NA",VLOOKUP("Inbred HIPS_"&CZ$4&"_"&$CM30,'Turkus Index'!$A:$D,4,FALSE)) -> 375 | DB30: =IF(ISERROR(VLOOKUP("Inbred HIPS_"&DB$4&"_"&$CM30,'Turkus Index'!$A:$D,4,FALSE)),"NA",VLOOKUP("Inbred HIPS_"&DB$4&"_"&$CM30,'Turkus Index'!$A:$D,4,FALSE)) -> 374 | DD30: =IF(ISERROR(VLOOKUP("Inbred HIPS_"&DD$4&"_"&$CM30,'Turkus Index'!$A:$D,4,FALSE)),"NA",VLOOKUP("Inbred HIPS_"&DD$4&"_"&$CM30,'Turkus Index'!$A:$D,4,FALSE)) -> 373 | DF30: =IF(ISERROR(VLOOKUP("Inbred HIPS_"&DF$4&"_"&$CM30,'Turkus Index'!$A:$D,4,FALSE)),"NA",VLOOKUP("Inbred HIPS_"&DF$4&"_"&$CM30,'Turkus Index'!$A:$D,4,FALSE)) -> 372 | DH30: =IF(ISERROR(VLOOKUP("Inbred HIPS_"&DH$4&"_"&$CM30,'Turkus Index'!$A:$D,4,FALSE)),"NA",VLOOKUP("Inbred HIPS_"&DH$4&"_"&$CM30,'Turkus Index'!$A:$D,4,FALSE)) -> 371 | DJ30: =IF(ISERROR(VLOOKUP("Inbred HIPS_"&DJ$4&"_"&$CM30,'Turkus Index'!$A:$D,4,FALSE)),"NA",VLOOKUP("Inbred HIPS_"&DJ$4&"_"&$CM30,'Turkus Index'!$A:$D,4,FALSE)) -> NA
